file_path,label,language,speaker_id,source_dataset,fake_type,generator,split,duration,sample_rate,file_size,sha256
E:\VoiceDeepfakeAI\voice_deepfake_dataset\train\fake\hinglish\hing_arjun_a957a281d6.wav,fake,hinglish,hing_arjun,BH-Builds/indic-audio,voice_clone,Fish Audio S2 Pro (voice-cloned from ElevenLabs reference),train,2.601,16000,83266,a957a281d65f48591b297b842e07b6ad2a517ff719d628618dcf4d53c45acae0
E:\VoiceDeepfakeAI\voice_deepfake_dataset\train\fake\hinglish\hing_arjun_91af512fe5.wav,fake,hinglish,hing_arjun,BH-Builds/indic-audio,voice_clone,Fish Audio S2 Pro (voice-cloned from ElevenLabs reference),train,2.276,16000,72862,91af512fe555da1f47f6d25593de819bc9801623852abe7010ba13084d338c48
E:\VoiceDeepfakeAI\voice_deepfake_dataset\train\fake\hinglish\hing_arjun_68bf8fbbb5.wav,fake,hinglish,hing_arjun,BH-Builds/indic-audio,voice_clone,Fish Audio S2 Pro (voice-cloned from ElevenLabs reference),train,4.04,16000,129334,68bf8fbbb58f9f9b6bcb4829d142248559f5a5f095360bee91c0873fa07fc951
E:\VoiceDeepfakeAI\voice_deepfake_dataset\train\fake\hinglish\hing_arjun_422d952eae.wav,fake,hinglish,hing_arjun,BH-Builds/indic-audio,voice_clone,Fish Audio S2 Pro (voice-cloned from ElevenLabs reference),train,3.111,16000,99612,422d952eae217840c87ec5412feeaf82dac2afdebd0f0c4b36f6d1822caab269
E:\VoiceDeepfakeAI\voice_deepfake_dataset\train\fake\english\en_priya_2ae5dc3829.wav,fake,english,en_priya,BH-Builds/indic-audio,voice_clone,Fish Audio S2 Pro (voice-cloned from ElevenLabs reference),train,3.901,16000,124876,2ae5dc3829980ab3fca554ae1d2df36530b410d33f47dc56f11a7b2f4b687e38
E:\VoiceDeepfakeAI\voice_deepfake_dataset\train\fake\english\en_priya_4b448c204b.wav,fake,english,en_priya,BH-Builds/indic-audio,voice_clone,Fish Audio S2 Pro (voice-cloned from ElevenLabs reference),train,3.065,16000,98126,4b448c204b0db9710b3c86f08647703f135f2803f3d809ce70b91681e3078bac
E:\VoiceDeepfakeAI\voice_deepfake_dataset\train\fake\english\en_priya_ea59a714da.wav,fake,english,en_priya,BH-Builds/indic-audio,voice_clone,Fish Audio S2 Pro (voice-cloned from ElevenLabs reference),train,3.251,16000,104070,ea59a714da77ce491023f372f1bc5c44026fb3910400a2d2bb4c5b4f7eba6cf1
E:\VoiceDeepfakeAI\voice_deepfake_dataset\train\fake\english\en_priya_895061a9af.wav,fake,english,en_priya,BH-Builds/indic-audio,voice_clone,Fish Audio S2 Pro (voice-cloned from ElevenLabs reference),train,3.855,16000,123390,895061a9af96eb11f50bfad1ebb5fb0f67c62b00ba61d8997ec5ecc4648351f6
E:\VoiceDeepfakeAI\voice_deepfake_dataset\train\fake\english\en_priya_a3cbfc028f.wav,fake,english,en_priya,BH-Builds/indic-audio,voice_clone,Fish Audio S2 Pro (voice-cloned from ElevenLabs reference),train,2.926,16000,93668,a3cbfc028fa5772b58dd03ccf607bb07a78b48dd1dd41502aef5ef190d21e10c
E:\VoiceDeepfakeAI\voice_deepfake_dataset\train\fake\english\en_priya_d55273d863.wav,fake,english,en_priya,BH-Builds/indic-audio,voice_clone,Fish Audio S2 Pro (voice-cloned from ElevenLabs reference),train,3.251,16000,104070,d55273d863255cd66cc5b4bd7f609c92e8c3b9adab642f35d2f04aa02e1eb612
E:\VoiceDeepfakeAI\voice_deepfake_dataset\train\fake\english\en_priya_fc385087a7.wav,fake,english,en_priya,BH-Builds/indic-audio,voice_clone,Fish Audio S2 Pro (voice-cloned from ElevenLabs reference),train,4.505,16000,144194,fc385087a7d90cf8ee291c89fa43c34225a16c5df363a988ba7864ea15a9c3a8
E:\VoiceDeepfakeAI\voice_deepfake_dataset\train\fake\english\en_priya_df8026bedf.wav,fake,english,en_priya,BH-Builds/indic-audio,voice_clone,Fish Audio S2 Pro (voice-cloned from ElevenLabs reference),train,4.04,16000,129334,df8026bedf2b59af896a5856bbbe0d13637f55c9bb71d78ea736ceb266f89fed
E:\VoiceDeepfakeAI\voice_deepfake_dataset\train\fake\english\en_priya_a4448c280e.wav,fake,english,en_priya,BH-Builds/indic-audio,voice_clone,Fish Audio S2 Pro (voice-cloned from ElevenLabs reference),train,4.272,16000,136764,a4448c280e443e4ba5e4711b21ff3baa9e75d86fec310b1e971a68d89d385c28
E:\VoiceDeepfakeAI\voice_deepfake_dataset\train\fake\english\en_priya_12c80079c4.wav,fake,english,en_priya,BH-Builds/indic-audio,voice_clone,Fish Audio S2 Pro (voice-cloned from ElevenLabs reference),train,2.833,16000,90696,12c80079c4a5d93a37e5def4132ed6994e297042189a13209f77986ee4e11af3
E:\VoiceDeepfakeAI\voice_deepfake_dataset\train\fake\english\en_priya_788ff217d0.wav,fake,english,en_priya,BH-Builds/indic-audio,voice_clone,Fish Audio S2 Pro (voice-cloned from ElevenLabs reference),train,2.972,16000,95154,788ff217d0e0b407bb1ab1ee0167cdd87277a2d15e6432907052ac75df3ca562
E:\VoiceDeepfakeAI\voice_deepfake_dataset\train\fake\english\en_priya_049ea9c377.wav,fake,english,en_priya,BH-Builds/indic-audio,voice_clone,Fish Audio S2 Pro (voice-cloned from ElevenLabs reference),train,5.434,16000,173916,049ea9c3776dc1787e5ca0588089e2da8e4b3ec80c66f59094121073209d2b16
E:\VoiceDeepfakeAI\voice_deepfake_dataset\train\fake\english\en_priya_08035ef296.wav,fake,english,en_priya,BH-Builds/indic-audio,voice_clone,Fish Audio S2 Pro (voice-cloned from ElevenLabs reference),train,5.341,16000,170944,08035ef296c3c693bed1d692c96fe6c2dd09c322e0dea84d607502ef2934d8ec
E:\VoiceDeepfakeAI\voice_deepfake_dataset\train\fake\english\en_priya_84acbf1954.wav,fake,english,en_priya,BH-Builds/indic-audio,voice_clone,Fish Audio S2 Pro (voice-cloned from ElevenLabs reference),train,5.062,16000,162028,84acbf1954fb756c7e22a2ff35d8011061abd78e45481b498d47da4c1aedb196
E:\VoiceDeepfakeAI\voice_deepfake_dataset\train\fake\english\en_priya_91202f02b2.wav,fake,english,en_priya,BH-Builds/indic-audio,voice_clone,Fish Audio S2 Pro (voice-cloned from ElevenLabs reference),train,2.926,16000,93668,91202f02b220fa189630534f6c3701f39b249e40bd0599da44faeae0b0cc90af
E:\VoiceDeepfakeAI\voice_deepfake_dataset\train\fake\english\en_priya_42287b868a.wav,fake,english,en_priya,BH-Builds/indic-audio,voice_clone,Fish Audio S2 Pro (voice-cloned from ElevenLabs reference),train,2.833,16000,90696,42287b868a3360dcad0f806a018ebcdecc223dde5892daefd8e3dc458b0bb78d
E:\VoiceDeepfakeAI\voice_deepfake_dataset\train\fake\english\en_priya_03954d1a79.wav,fake,english,en_priya,BH-Builds/indic-audio,voice_clone,Fish Audio S2 Pro (voice-cloned from ElevenLabs reference),train,4.458,16000,142708,03954d1a79682e8540f8efbbb42012e61cffcdc4beca70759ab83fed031f93ce
E:\VoiceDeepfakeAI\voice_deepfake_dataset\train\fake\english\en_priya_d56a624dba.wav,fake,english,en_priya,BH-Builds/indic-audio,voice_clone,Fish Audio S2 Pro (voice-cloned from ElevenLabs reference),train,5.619,16000,179860,d56a624dbada078706ef6a44b7564806af284f4c2e148d61cdda5aeae5f4cda6
E:\VoiceDeepfakeAI\voice_deepfake_dataset\train\fake\hinglish\hing_shivani_a4697f0dcc.wav,fake,hinglish,hing_shivani,BH-Builds/indic-audio,voice_clone,Fish Audio S2 Pro (voice-cloned from ElevenLabs reference),train,2.229,16000,71376,a4697f0dccd7ee27eece3e123ab7491e60c3cac15d49bcd56fd27939a01128e8
E:\VoiceDeepfakeAI\voice_deepfake_dataset\train\fake\hinglish\hing_shivani_ed0fce383e.wav,fake,hinglish,hing_shivani,BH-Builds/indic-audio,voice_clone,Fish Audio S2 Pro (voice-cloned from ElevenLabs reference),train,3.437,16000,110014,ed0fce383e4cb263d36d2be82728d313cae18afe4290aeaab408918a5941c201
E:\VoiceDeepfakeAI\voice_deepfake_dataset\train\fake\hinglish\hing_shivani_98edcbf8dd.wav,fake,hinglish,hing_shivani,BH-Builds/indic-audio,voice_clone,Fish Audio S2 Pro (voice-cloned from ElevenLabs reference),train,2.09,16000,66918,98edcbf8ddb639b436d5d811082455a12865f2a5200db7495bba17e859af0e31
E:\VoiceDeepfakeAI\voice_deepfake_dataset\train\fake\hinglish\hing_shivani_de185d2a40.wav,fake,hinglish,hing_shivani,BH-Builds/indic-audio,voice_clone,Fish Audio S2 Pro (voice-cloned from ElevenLabs reference),train,1.997,16000,63946,de185d2a40eef3e866c9340686285bb192fac37bc772a1c1dcba75e694adb35e
E:\VoiceDeepfakeAI\voice_deepfake_dataset\train\fake\english\en_ananya_91a0f3187b.wav,fake,english,en_ananya,BH-Builds/indic-audio,voice_clone,Fish Audio S2 Pro (voice-cloned from ElevenLabs reference),train,3.669,16000,117446,91a0f3187b33c98d5533f249d1b9d31ed5725056179f873807add86aa55f714b
E:\VoiceDeepfakeAI\voice_deepfake_dataset\train\fake\english\en_ananya_0882053341.wav,fake,english,en_ananya,BH-Builds/indic-audio,voice_clone,Fish Audio S2 Pro (voice-cloned from ElevenLabs reference),train,4.83,16000,154598,088205334104dd7893fad7c91f58cd7f8d27381e65c21feb286888858b42a225
E:\VoiceDeepfakeAI\voice_deepfake_dataset\train\fake\english\en_ananya_c18176d18a.wav,fake,english,en_ananya,BH-Builds/indic-audio,voice_clone,Fish Audio S2 Pro (voice-cloned from ElevenLabs reference),train,1.904,16000,60974,c18176d18a0d109a62b3bcb34edaef624e0fbacfa0098f346af9ca9977a4b127
E:\VoiceDeepfakeAI\voice_deepfake_dataset\train\fake\english\en_ananya_67d21b2edc.wav,fake,english,en_ananya,BH-Builds/indic-audio,voice_clone,Fish Audio S2 Pro (voice-cloned from ElevenLabs reference),train,1.579,16000,50572,67d21b2edc74f334ac3d6b1b31aab86277d0ac13f491bbb664726eb3aacb8f88
E:\VoiceDeepfakeAI\voice_deepfake_dataset\train\fake\english\en_ananya_f6178970bd.wav,fake,english,en_ananya,BH-Builds/indic-audio,voice_clone,Fish Audio S2 Pro (voice-cloned from ElevenLabs reference),train,3.947,16000,126362,f6178970bd42027ce87568e6c32bc849477370c18792dd5751569e4ac648016d
E:\VoiceDeepfakeAI\voice_deepfake_dataset\train\fake\english\en_ananya_ecac5f72d0.wav,fake,english,en_ananya,BH-Builds/indic-audio,voice_clone,Fish Audio S2 Pro (voice-cloned from ElevenLabs reference),train,2.09,16000,66918,ecac5f72d05805cb921c9a14808115a5578da9c86a5abec9eef2b2d42ef8dfac
E:\VoiceDeepfakeAI\voice_deepfake_dataset\train\fake\english\en_ananya_03acca5bfb.wav,fake,english,en_ananya,BH-Builds/indic-audio,voice_clone,Fish Audio S2 Pro (voice-cloned from ElevenLabs reference),train,2.786,16000,89210,03acca5bfbefc5b192d69ddaca4de20868ed766374c93019a46bf40d16ea8d9f
E:\VoiceDeepfakeAI\voice_deepfake_dataset\train\fake\english\en_ananya_b209b8a72b.wav,fake,english,en_ananya,BH-Builds/indic-audio,voice_clone,Fish Audio S2 Pro (voice-cloned from ElevenLabs reference),train,2.926,16000,93668,b209b8a72b884a067c6d88a6a24e73211518b0cbf8f89b255c89427dde381e33
E:\VoiceDeepfakeAI\voice_deepfake_dataset\train\fake\english\en_ananya_ce20a298d7.wav,fake,english,en_ananya,BH-Builds/indic-audio,voice_clone,Fish Audio S2 Pro (voice-cloned from ElevenLabs reference),train,3.251,16000,104070,ce20a298d7a842f3590cb80e82808a3af847f314da7beaa992237f7e3ec93eb6
E:\VoiceDeepfakeAI\voice_deepfake_dataset\train\fake\english\en_ananya_f3aa3f5fa9.wav,fake,english,en_ananya,BH-Builds/indic-audio,voice_clone,Fish Audio S2 Pro (voice-cloned from ElevenLabs reference),train,7.988,16000,255650,f3aa3f5fa9026c6054623857e77abdebd96fd68b0da6340c88fdbbedd2f7c13c
E:\VoiceDeepfakeAI\voice_deepfake_dataset\train\fake\english\en_ananya_3c84ce65b2.wav,fake,english,en_ananya,BH-Builds/indic-audio,voice_clone,Fish Audio S2 Pro (voice-cloned from ElevenLabs reference),train,2.415,16000,77322,3c84ce65b25cd79196e11a1ff33601fa1695eabd7e414685488385ecbe050349
E:\VoiceDeepfakeAI\voice_deepfake_dataset\train\fake\english\en_ananya_4a5601f55e.wav,fake,english,en_ananya,BH-Builds/indic-audio,voice_clone,Fish Audio S2 Pro (voice-cloned from ElevenLabs reference),train,6.316,16000,202152,4a5601f55efadbdb9cfc8e78461cd686ebb0c2d4eac1ee4ed192d67f68569c9e
E:\VoiceDeepfakeAI\voice_deepfake_dataset\train\fake\english\en_ananya_f9719e609d.wav,fake,english,en_ananya,BH-Builds/indic-audio,voice_clone,Fish Audio S2 Pro (voice-cloned from ElevenLabs reference),train,2.647,16000,84752,f9719e609d2e17faecfbcd25e179c574ba926dc95d945ba830f43dbfd6be74b5
E:\VoiceDeepfakeAI\voice_deepfake_dataset\train\fake\english\en_ananya_a901e1bdc8.wav,fake,english,en_ananya,BH-Builds/indic-audio,voice_clone,Fish Audio S2 Pro (voice-cloned from ElevenLabs reference),train,2.415,16000,77322,a901e1bdc868f1997285d152a2ae1001927df5bd58facc54ffbbca49caaf4ced
E:\VoiceDeepfakeAI\voice_deepfake_dataset\train\fake\english\en_ananya_616ef2678b.wav,fake,english,en_ananya,BH-Builds/indic-audio,voice_clone,Fish Audio S2 Pro (voice-cloned from ElevenLabs reference),train,3.111,16000,99612,616ef2678bd0f5db3f8304a456a0ef0ff0b08d20ec376c9c91ae581dde9928bb
E:\VoiceDeepfakeAI\voice_deepfake_dataset\train\fake\english\en_ananya_4eca1445f5.wav,fake,english,en_ananya,BH-Builds/indic-audio,voice_clone,Fish Audio S2 Pro (voice-cloned from ElevenLabs reference),train,3.158,16000,101098,4eca1445f57b89ca937f4b6b352621e890f060b8d41b73393fe1222ee214dfa1
E:\VoiceDeepfakeAI\voice_deepfake_dataset\train\fake\english\en_ananya_5f0726763d.wav,fake,english,en_ananya,BH-Builds/indic-audio,voice_clone,Fish Audio S2 Pro (voice-cloned from ElevenLabs reference),train,4.598,16000,147166,5f0726763d98c6ff6090db4bb53ccf70b54a32df78cfdf9548f29a6809857762
E:\VoiceDeepfakeAI\voice_deepfake_dataset\train\fake\english\en_ananya_97ba5c6de3.wav,fake,english,en_ananya,BH-Builds/indic-audio,voice_clone,Fish Audio S2 Pro (voice-cloned from ElevenLabs reference),train,6.78,16000,217012,97ba5c6de3c33477b3422afafc2206741449f6b68c298d2a0e770336a7c419a0
E:\VoiceDeepfakeAI\voice_deepfake_dataset\train\fake\english\en_divya_188ea74262.wav,fake,english,en_divya,BH-Builds/indic-audio,voice_clone,Fish Audio S2 Pro (voice-cloned from ElevenLabs reference),train,3.622,16000,115960,188ea74262da5a80c8d510e9807fb97d37aacfb5dd90d35079e1ce4e7f65f4f3
E:\VoiceDeepfakeAI\voice_deepfake_dataset\train\fake\english\en_divya_bb6b720f23.wav,fake,english,en_divya,BH-Builds/indic-audio,voice_clone,Fish Audio S2 Pro (voice-cloned from ElevenLabs reference),train,4.412,16000,141222,bb6b720f2392058c37323bfc9ab11a7016d7323ce6ccc0c94a33315b97394276
E:\VoiceDeepfakeAI\voice_deepfake_dataset\train\fake\english\en_divya_eb0703a141.wav,fake,english,en_divya,BH-Builds/indic-audio,voice_clone,Fish Audio S2 Pro (voice-cloned from ElevenLabs reference),train,4.365,16000,139736,eb0703a141f2be048d8cf1c20469c9652e081fbf84422f7aa7a58312dc4baf77
E:\VoiceDeepfakeAI\voice_deepfake_dataset\train\fake\english\en_divya_a7d07649cb.wav,fake,english,en_divya,BH-Builds/indic-audio,voice_clone,Fish Audio S2 Pro (voice-cloned from ElevenLabs reference),train,4.133,16000,132306,a7d07649cbc56b64ff3591679eab39e6ffb9d126a1a4e82f24ea61e1784bbe27
E:\VoiceDeepfakeAI\voice_deepfake_dataset\train\fake\english\en_divya_04fb79f862.wav,fake,english,en_divya,BH-Builds/indic-audio,voice_clone,Fish Audio S2 Pro (voice-cloned from ElevenLabs reference),train,4.087,16000,130820,04fb79f862c3df7d1e4d93bb43aa7578d03bfc5b9bda1379dfb902019fabf0df
E:\VoiceDeepfakeAI\voice_deepfake_dataset\train\fake\english\en_divya_dc8f0f4bdf.wav,fake,english,en_divya,BH-Builds/indic-audio,voice_clone,Fish Audio S2 Pro (voice-cloned from ElevenLabs reference),train,5.573,16000,178374,dc8f0f4bdfe56e26c1d061c74a8471a9f264eb41f2908608cbf7fd2806a24197
E:\VoiceDeepfakeAI\voice_deepfake_dataset\train\fake\english\en_divya_566f0fe342.wav,fake,english,en_divya,BH-Builds/indic-audio,voice_clone,Fish Audio S2 Pro (voice-cloned from ElevenLabs reference),train,3.576,16000,114472,566f0fe342100c6c521533bfe0ecd2f07979f6fea3d7c62ed860cdda08187c91
E:\VoiceDeepfakeAI\voice_deepfake_dataset\train\fake\english\en_divya_7db4c3e4d4.wav,fake,english,en_divya,BH-Builds/indic-audio,voice_clone,Fish Audio S2 Pro (voice-cloned from ElevenLabs reference),train,3.715,16000,118932,7db4c3e4d42fa4406751ee01d17de38db4f44ad070baddbd2e9c417a6057c0db
E:\VoiceDeepfakeAI\voice_deepfake_dataset\train\fake\english\en_divya_06d7d7078d.wav,fake,english,en_divya,BH-Builds/indic-audio,voice_clone,Fish Audio S2 Pro (voice-cloned from ElevenLabs reference),train,4.18,16000,133792,06d7d7078db70dc53cde33f6104163a9e1e5f50193b0ce52c4269b9ab38a4047
E:\VoiceDeepfakeAI\voice_deepfake_dataset\train\fake\english\en_divya_cfb760511b.wav,fake,english,en_divya,BH-Builds/indic-audio,voice_clone,Fish Audio S2 Pro (voice-cloned from ElevenLabs reference),train,4.412,16000,141222,cfb760511bf90cb8c5464386ee4b1d2050ad15dc5f0d2e55d12d904b9f4825eb
E:\VoiceDeepfakeAI\voice_deepfake_dataset\train\fake\english\en_divya_c7b7289bf8.wav,fake,english,en_divya,BH-Builds/indic-audio,voice_clone,Fish Audio S2 Pro (voice-cloned from ElevenLabs reference),train,4.458,16000,142708,c7b7289bf81be770a0317f530ad85c81a376a589895f0ce33ae0ba5e222d6494
E:\VoiceDeepfakeAI\voice_deepfake_dataset\train\fake\english\en_divya_a810b0f09e.wav,fake,english,en_divya,BH-Builds/indic-audio,voice_clone,Fish Audio S2 Pro (voice-cloned from ElevenLabs reference),train,4.226,16000,135278,a810b0f09e9607fb442f58249128345fa56ab3876d427996f08d35aa524efa39
E:\VoiceDeepfakeAI\voice_deepfake_dataset\train\fake\english\en_divya_06ba4bd27d.wav,fake,english,en_divya,BH-Builds/indic-audio,voice_clone,Fish Audio S2 Pro (voice-cloned from ElevenLabs reference),train,4.83,16000,154598,06ba4bd27da975a78171c2282eefbda566fee14c0e2897ba5aae519eda906127
E:\VoiceDeepfakeAI\voice_deepfake_dataset\train\fake\english\en_divya_185c87a75f.wav,fake,english,en_divya,BH-Builds/indic-audio,voice_clone,Fish Audio S2 Pro (voice-cloned from ElevenLabs reference),train,7.988,16000,255650,185c87a75f658567572e46b43210323da24f52b3dbdddeb93c492bccbbf601ad
E:\VoiceDeepfakeAI\voice_deepfake_dataset\train\fake\english\en_divya_70902e9f4c.wav,fake,english,en_divya,BH-Builds/indic-audio,voice_clone,Fish Audio S2 Pro (voice-cloned from ElevenLabs reference),train,7.709,16000,246734,70902e9f4c6f069d8d0cbd9bfc94bd52593cbecd0feb17b5983049f832f29699
E:\VoiceDeepfakeAI\voice_deepfake_dataset\train\fake\english\en_divya_b818534206.wav,fake,english,en_divya,BH-Builds/indic-audio,voice_clone,Fish Audio S2 Pro (voice-cloned from ElevenLabs reference),train,5.573,16000,178374,b818534206d987b8e2604755d0cd79e569562b9f3040014d83b104f71f98cda9
E:\VoiceDeepfakeAI\voice_deepfake_dataset\train\fake\english\en_divya_700c7ff3c8.wav,fake,english,en_divya,BH-Builds/indic-audio,voice_clone,Fish Audio S2 Pro (voice-cloned from ElevenLabs reference),train,7.338,16000,234846,700c7ff3c87cbd6919a0b8e8e61e872af859aed7b053f7a30efb27196150c9da
E:\VoiceDeepfakeAI\voice_deepfake_dataset\train\fake\english\en_divya_ecfd477f43.wav,fake,english,en_divya,BH-Builds/indic-audio,voice_clone,Fish Audio S2 Pro (voice-cloned from ElevenLabs reference),train,5.387,16000,172430,ecfd477f43dcaf4d90fbda4463866323ae54b568803da906594e34bea3e2ac94
E:\VoiceDeepfakeAI\voice_deepfake_dataset\train\fake\hindi\hi_atul_ec2c92f5a9.wav,fake,hindi,hi_atul,BH-Builds/indic-audio,voice_clone,Fish Audio S2 Pro (voice-cloned from ElevenLabs reference),train,10.124,16000,324010,ec2c92f5a9f03f9ee0a008ec7c6cda7ae7c9ce4a70f2485b09075871d254ecdf
E:\VoiceDeepfakeAI\voice_deepfake_dataset\train\fake\hindi\hi_atul_c6ab4bdb26.wav,fake,hindi,hi_atul,BH-Builds/indic-audio,voice_clone,Fish Audio S2 Pro (voice-cloned from ElevenLabs reference),train,6.827,16000,218498,c6ab4bdb26ca34b614ea008ec0790070cca03fee62bc5f7034a5f799f1c6a25d
E:\VoiceDeepfakeAI\voice_deepfake_dataset\train\fake\hindi\hi_atul_9e63a31a77.wav,fake,hindi,hi_atul,BH-Builds/indic-audio,voice_clone,Fish Audio S2 Pro (voice-cloned from ElevenLabs reference),train,7.43,16000,237818,9e63a31a771408857bd3af3a0e80f7ee621e92a019356bad633318d7dd5ad481
E:\VoiceDeepfakeAI\voice_deepfake_dataset\train\fake\hindi\hi_atul_311a8cbf90.wav,fake,hindi,hi_atul,BH-Builds/indic-audio,voice_clone,Fish Audio S2 Pro (voice-cloned from ElevenLabs reference),train,7.941,16000,254164,311a8cbf9062825ff363ceadd7751ac753462ed705f5005dc055197927b720da
E:\VoiceDeepfakeAI\voice_deepfake_dataset\train\fake\hindi\hi_atul_7f115e3e3a.wav,fake,hindi,hi_atul,BH-Builds/indic-audio,voice_clone,Fish Audio S2 Pro (voice-cloned from ElevenLabs reference),train,8.406,16000,269024,7f115e3e3a08c4c08493a50aaa703993829d24077418686ec2d27982ecfb120a
E:\VoiceDeepfakeAI\voice_deepfake_dataset\train\fake\hindi\hi_atul_8456c07b24.wav,fake,hindi,hi_atul,BH-Builds/indic-audio,voice_clone,Fish Audio S2 Pro (voice-cloned from ElevenLabs reference),train,8.87,16000,283886,8456c07b242939ef88b58bba0a763b327f54ca2dd4e400a846cff0fbdc9b1cd7
E:\VoiceDeepfakeAI\voice_deepfake_dataset\train\fake\hindi\hi_atul_01d46200b6.wav,fake,hindi,hi_atul,BH-Builds/indic-audio,voice_clone,Fish Audio S2 Pro (voice-cloned from ElevenLabs reference),train,9.009,16000,288344,01d46200b63452347ea744f8d37440234f0fc4febf62281ed838d8be57ada3d1
E:\VoiceDeepfakeAI\voice_deepfake_dataset\train\fake\hindi\hi_atul_b95f1860eb.wav,fake,hindi,hi_atul,BH-Builds/indic-audio,voice_clone,Fish Audio S2 Pro (voice-cloned from ElevenLabs reference),train,9.102,16000,291316,b95f1860eb8d94a1594dbed9957bd6bdb0eaec47b8d7c650101bac8d3fbe2898
E:\VoiceDeepfakeAI\voice_deepfake_dataset\train\fake\hindi\hi_atul_b57d62bccb.wav,fake,hindi,hi_atul,BH-Builds/indic-audio,voice_clone,Fish Audio S2 Pro (voice-cloned from ElevenLabs reference),train,7.384,16000,236332,b57d62bccb35e3e61968d4427dbb262aee5235c8ec31cd68984e0f499b07f21b
E:\VoiceDeepfakeAI\voice_deepfake_dataset\train\fake\hindi\hi_atul_c998ba7169.wav,fake,hindi,hi_atul,BH-Builds/indic-audio,voice_clone,Fish Audio S2 Pro (voice-cloned from ElevenLabs reference),train,8.963,16000,286858,c998ba71697a8e08302d05fc538f2e7e05a8f0b1629f9eb95a77c564c3d71ab8
E:\VoiceDeepfakeAI\voice_deepfake_dataset\train\fake\hindi\hi_atul_737fff2a63.wav,fake,hindi,hi_atul,BH-Builds/indic-audio,voice_clone,Fish Audio S2 Pro (voice-cloned from ElevenLabs reference),train,6.548,16000,209582,737fff2a63e4f0e3fcaa806ed0c9ea45b700b8a15745d08c26a71ad4d08f57bf
E:\VoiceDeepfakeAI\voice_deepfake_dataset\train\fake\hindi\hi_atul_56120e8e52.wav,fake,hindi,hi_atul,BH-Builds/indic-audio,voice_clone,Fish Audio S2 Pro (voice-cloned from ElevenLabs reference),train,9.056,16000,289830,56120e8e52c729b76e546551b56ee7024bf530b08d999107372154c63830182c
E:\VoiceDeepfakeAI\voice_deepfake_dataset\train\fake\hindi\hi_atul_6b910f460a.wav,fake,hindi,hi_atul,BH-Builds/indic-audio,voice_clone,Fish Audio S2 Pro (voice-cloned from ElevenLabs reference),train,7.755,16000,248220,6b910f460abcb73c281b8899be52768afb9ccb730ef54fd6c894fb047246d1a7
E:\VoiceDeepfakeAI\voice_deepfake_dataset\train\fake\hindi\hi_atul_8050598912.wav,fake,hindi,hi_atul,BH-Builds/indic-audio,voice_clone,Fish Audio S2 Pro (voice-cloned from ElevenLabs reference),train,8.916,16000,285372,805059891291db7c0c7df73a0268a093222618fe8769e837a2df299a7bda3d54
E:\VoiceDeepfakeAI\voice_deepfake_dataset\train\fake\hindi\hi_atul_f983263566.wav,fake,hindi,hi_atul,BH-Builds/indic-audio,voice_clone,Fish Audio S2 Pro (voice-cloned from ElevenLabs reference),train,7.43,16000,237818,f9832635664e0bcf9a5f79101e2452fb9209ecb462407423744c951162c204dc
E:\VoiceDeepfakeAI\voice_deepfake_dataset\train\fake\hindi\hi_atul_1df6c9136d.wav,fake,hindi,hi_atul,BH-Builds/indic-audio,voice_clone,Fish Audio S2 Pro (voice-cloned from ElevenLabs reference),train,7.245,16000,231874,1df6c9136d6496648e5cca98bb597ebce2b6f013c3e01076e843d8293ec547fd
E:\VoiceDeepfakeAI\voice_deepfake_dataset\train\fake\hindi\hi_atul_d8f3317f2d.wav,fake,hindi,hi_atul,BH-Builds/indic-audio,voice_clone,Fish Audio S2 Pro (voice-cloned from ElevenLabs reference),train,7.941,16000,254164,d8f3317f2d8ac232aa12903d2d87bb9a85d56faebc51abf8201a1144f340a4aa
E:\VoiceDeepfakeAI\voice_deepfake_dataset\train\fake\hindi\hi_atul_162e1a31fe.wav,fake,hindi,hi_atul,BH-Builds/indic-audio,voice_clone,Fish Audio S2 Pro (voice-cloned from ElevenLabs reference),train,8.22,16000,263080,162e1a31fe376ddb2a2e090ef2c1a3cfbc6d76825df21b0c2ce5ede3892c0f0f
E:\VoiceDeepfakeAI\voice_deepfake_dataset\train\fake\hindi\hi_atul_f719110bfe.wav,fake,hindi,hi_atul,BH-Builds/indic-audio,voice_clone,Fish Audio S2 Pro (voice-cloned from ElevenLabs reference),train,7.338,16000,234846,f719110bfe3837cd60356810c5cf8ef3512bb8267f4c395c1095cfdac7db9961
E:\VoiceDeepfakeAI\voice_deepfake_dataset\train\fake\hindi\hi_atul_ce26e58852.wav,fake,hindi,hi_atul,BH-Builds/indic-audio,voice_clone,Fish Audio S2 Pro (voice-cloned from ElevenLabs reference),train,8.545,16000,273484,ce26e588525c8d81f5d9279d19175175f018287c61ccde86c1780a5a938c027a
E:\VoiceDeepfakeAI\voice_deepfake_dataset\train\fake\hindi\hi_atul_8c86b0e4a3.wav,fake,hindi,hi_atul,BH-Builds/indic-audio,voice_clone,Fish Audio S2 Pro (voice-cloned from ElevenLabs reference),train,8.313,16000,266052,8c86b0e4a366cc9ec92ae92bc7f7c25c8b129161922dc16c37860d602317113d
E:\VoiceDeepfakeAI\voice_deepfake_dataset\train\fake\hindi\hi_atul_7889513ec0.wav,fake,hindi,hi_atul,BH-Builds/indic-audio,voice_clone,Fish Audio S2 Pro (voice-cloned from ElevenLabs reference),train,8.824,16000,282400,7889513ec071695e283de30e514d2b098cc663c75d6ee5d3e555547bbc916874
E:\VoiceDeepfakeAI\voice_deepfake_dataset\train\fake\hindi\hi_atul_b7cc13fd67.wav,fake,hindi,hi_atul,BH-Builds/indic-audio,voice_clone,Fish Audio S2 Pro (voice-cloned from ElevenLabs reference),train,7.338,16000,234846,b7cc13fd67a9469e1b12356a265440eec84901c1352da51e8fbcba1fe05e6d5c
E:\VoiceDeepfakeAI\voice_deepfake_dataset\train\fake\hindi\hi_atul_e49511b3ec.wav,fake,hindi,hi_atul,BH-Builds/indic-audio,voice_clone,Fish Audio S2 Pro (voice-cloned from ElevenLabs reference),train,7.895,16000,252678,e49511b3eca7809409769841774c1bd6e2bf4b50473245753c5d338e295095f9
E:\VoiceDeepfakeAI\voice_deepfake_dataset\train\fake\hindi\hi_atul_0131ab56cf.wav,fake,hindi,hi_atul,BH-Builds/indic-audio,voice_clone,Fish Audio S2 Pro (voice-cloned from ElevenLabs reference),train,8.173,16000,261594,0131ab56cf5d55c49c4a8060aedbb8cf745c1fd3aa3018f93e75829d9d0ea449
E:\VoiceDeepfakeAI\voice_deepfake_dataset\train\fake\hindi\hi_atul_a126e20989.wav,fake,hindi,hi_atul,BH-Builds/indic-audio,voice_clone,Fish Audio S2 Pro (voice-cloned from ElevenLabs reference),train,8.638,16000,276456,a126e20989a936b4101ed4875244c644654da6aa1772f336e994bc9e3248080e
E:\VoiceDeepfakeAI\voice_deepfake_dataset\train\fake\hindi\hi_atul_3172988827.wav,fake,hindi,hi_atul,BH-Builds/indic-audio,voice_clone,Fish Audio S2 Pro (voice-cloned from ElevenLabs reference),train,9.288,16000,297260,317298882779df516c794621df857c28d4656c35b0aa707851c7d3ec04deb8d2
E:\VoiceDeepfakeAI\voice_deepfake_dataset\train\fake\hindi\hi_atul_467e1cc122.wav,fake,hindi,hi_atul,BH-Builds/indic-audio,voice_clone,Fish Audio S2 Pro (voice-cloned from ElevenLabs reference),train,7.709,16000,246734,467e1cc122067a0fe9eebd1e6823f5af23d79f9d2b25b5159b4d3de1c328b0de
E:\VoiceDeepfakeAI\voice_deepfake_dataset\train\fake\hindi\hi_atul_807c3be717.wav,fake,hindi,hi_atul,BH-Builds/indic-audio,voice_clone,Fish Audio S2 Pro (voice-cloned from ElevenLabs reference),train,7.105,16000,227414,807c3be717136b76a3bd3f227c1a8d7aeb115daa1f5da5505696c40422361970
E:\VoiceDeepfakeAI\voice_deepfake_dataset\train\fake\hindi\hi_atul_be8fd5d1fd.wav,fake,hindi,hi_atul,BH-Builds/indic-audio,voice_clone,Fish Audio S2 Pro (voice-cloned from ElevenLabs reference),train,9.009,16000,288344,be8fd5d1fd537f25ae31c88683f677e012230ae15484fc7d9a0500ec02c40b99
E:\VoiceDeepfakeAI\voice_deepfake_dataset\train\fake\hindi\hi_atul_0123e6535b.wav,fake,hindi,hi_atul,BH-Builds/indic-audio,voice_clone,Fish Audio S2 Pro (voice-cloned from ElevenLabs reference),train,8.731,16000,279428,0123e6535b159c4c2a1b94bdbc341e84dc8f4305dd181cc16d55dc0dc31d2a2d
E:\VoiceDeepfakeAI\voice_deepfake_dataset\train\fake\hindi\hi_atul_fe2edc66ac.wav,fake,hindi,hi_atul,BH-Builds/indic-audio,voice_clone,Fish Audio S2 Pro (voice-cloned from ElevenLabs reference),train,9.52,16000,304690,fe2edc66ac86e0d0446b57720a4781a1aebfdd35839a33a0cafdee3a2ac35d46
E:\VoiceDeepfakeAI\voice_deepfake_dataset\train\fake\hindi\hi_atul_a5bedba332.wav,fake,hindi,hi_atul,BH-Builds/indic-audio,voice_clone,Fish Audio S2 Pro (voice-cloned from ElevenLabs reference),train,6.362,16000,203638,a5bedba332a1028ca88ce729f765d46be372e9ce84a891d55e1b2bc299055553
E:\VoiceDeepfakeAI\voice_deepfake_dataset\train\fake\hindi\hi_atul_ab252943cd.wav,fake,hindi,hi_atul,BH-Builds/indic-audio,voice_clone,Fish Audio S2 Pro (voice-cloned from ElevenLabs reference),train,9.938,16000,318066,ab252943cda2d16dbcaf596020b66666537245deb177a006f0774bfa2f5fe6e7
E:\VoiceDeepfakeAI\voice_deepfake_dataset\train\fake\hindi\hi_atul_71c97e4cfa.wav,fake,hindi,hi_atul,BH-Builds/indic-audio,voice_clone,Fish Audio S2 Pro (voice-cloned from ElevenLabs reference),train,6.966,16000,222956,71c97e4cfafcc353e04761e02192f589174187b5f153d50df4cfdcae4aefcfe5
E:\VoiceDeepfakeAI\voice_deepfake_dataset\train\fake\hindi\hi_atul_410741c43e.wav,fake,hindi,hi_atul,BH-Builds/indic-audio,voice_clone,Fish Audio S2 Pro (voice-cloned from ElevenLabs reference),train,9.427,16000,301718,410741c43e3a413d47718519553aafd550a9685b7738485aa6a38add6462771d
E:\VoiceDeepfakeAI\voice_deepfake_dataset\train\fake\hindi\hi_atul_2575c31813.wav,fake,hindi,hi_atul,BH-Builds/indic-audio,voice_clone,Fish Audio S2 Pro (voice-cloned from ElevenLabs reference),train,7.245,16000,231874,2575c318131c2c45862766554ae2fc0c89ef6edab3b8eb14a6ef68198f0648a6
E:\VoiceDeepfakeAI\voice_deepfake_dataset\train\fake\hindi\hi_atul_4003f4b559.wav,fake,hindi,hi_atul,BH-Builds/indic-audio,voice_clone,Fish Audio S2 Pro (voice-cloned from ElevenLabs reference),train,7.245,16000,231874,4003f4b55970b2ffc77bca68ee83db6a01079273385a3ca7e786d735816a3831
E:\VoiceDeepfakeAI\voice_deepfake_dataset\train\fake\hinglish\hing_nisha_5b612d631d.wav,fake,hinglish,hing_nisha,BH-Builds/indic-audio,voice_clone,Fish Audio S2 Pro (voice-cloned from ElevenLabs reference),train,3.158,16000,101098,5b612d631d18023861c32746f3e44f7cf3c2e0ad109f42e8d700320099b0b1e4
E:\VoiceDeepfakeAI\voice_deepfake_dataset\train\fake\hinglish\hing_nisha_d5c1713e1a.wav,fake,hinglish,hing_nisha,BH-Builds/indic-audio,voice_clone,Fish Audio S2 Pro (voice-cloned from ElevenLabs reference),train,2.786,16000,89210,d5c1713e1ac661e53f19d23aaafe45fe602f354382d04f4282c6fc883a649365
E:\VoiceDeepfakeAI\voice_deepfake_dataset\train\fake\hinglish\hing_nisha_2f71738b37.wav,fake,hinglish,hing_nisha,BH-Builds/indic-audio,voice_clone,Fish Audio S2 Pro (voice-cloned from ElevenLabs reference),train,3.39,16000,108528,2f71738b373393c364207669210bc23895c9a1dabf53608f2529a3f9fad139b1
E:\VoiceDeepfakeAI\voice_deepfake_dataset\train\fake\hinglish\hing_nisha_11a25ab8c3.wav,fake,hinglish,hing_nisha,BH-Builds/indic-audio,voice_clone,Fish Audio S2 Pro (voice-cloned from ElevenLabs reference),train,3.158,16000,101098,11a25ab8c3a289ba7f9d942dd810017d38ee6f71ad62f38c1a4fc43ba7fd4121
E:\VoiceDeepfakeAI\voice_deepfake_dataset\train\fake\hinglish\hing_ananya_727256c7bc.wav,fake,hinglish,hing_ananya,BH-Builds/indic-audio,voice_clone,Fish Audio S2 Pro (voice-cloned from ElevenLabs reference),train,1.533,16000,49086,727256c7bc6b370de9100b92e2bbdea4a5a071844feef02dba29c1c3434ad38e
E:\VoiceDeepfakeAI\voice_deepfake_dataset\train\fake\hinglish\hing_ananya_8adf67f33e.wav,fake,hinglish,hing_ananya,BH-Builds/indic-audio,voice_clone,Fish Audio S2 Pro (voice-cloned from ElevenLabs reference),train,1.625,16000,52058,8adf67f33e64bb7039d7d448db593e8ba2d8d8d3c911cf2e364e4478391f4a4b
E:\VoiceDeepfakeAI\voice_deepfake_dataset\train\fake\hinglish\hing_ananya_5e5697e725.wav,fake,hinglish,hing_ananya,BH-Builds/indic-audio,voice_clone,Fish Audio S2 Pro (voice-cloned from ElevenLabs reference),train,2.461,16000,78808,5e5697e725d5f1dd307d7603df8dfd78a91bd701ffde0a25451d84ae7bb8cae1
E:\VoiceDeepfakeAI\voice_deepfake_dataset\train\fake\hinglish\hing_ananya_1f62de20de.wav,fake,hinglish,hing_ananya,BH-Builds/indic-audio,voice_clone,Fish Audio S2 Pro (voice-cloned from ElevenLabs reference),train,1.718,16000,55030,1f62de20de9c592fe91ca01370bd7fb5c3b1756b1d2c6e56789f17f4157ce576
E:\VoiceDeepfakeAI\voice_deepfake_dataset\train\fake\english\en_sameer_60f0e7970a.wav,fake,english,en_sameer,BH-Builds/indic-audio,voice_clone,Fish Audio S2 Pro (voice-cloned from ElevenLabs reference),train,4.18,16000,133792,60f0e7970aa60a21acaedac369175d5291525b42409293226e61192ac76b849c
E:\VoiceDeepfakeAI\voice_deepfake_dataset\train\fake\english\en_sameer_778c165930.wav,fake,english,en_sameer,BH-Builds/indic-audio,voice_clone,Fish Audio S2 Pro (voice-cloned from ElevenLabs reference),train,4.505,16000,144194,778c165930a0a74ca162fe9f7396de265d5162ded8a2c4eb19f61ed1c47b319f
E:\VoiceDeepfakeAI\voice_deepfake_dataset\train\fake\english\en_sameer_3788b59f4b.wav,fake,english,en_sameer,BH-Builds/indic-audio,voice_clone,Fish Audio S2 Pro (voice-cloned from ElevenLabs reference),train,4.505,16000,144194,3788b59f4b66f826ff6c42992b7f9db9188c36bb851f0667ca6bd580af447f53
E:\VoiceDeepfakeAI\voice_deepfake_dataset\train\fake\english\en_sameer_7a39cd9458.wav,fake,english,en_sameer,BH-Builds/indic-audio,voice_clone,Fish Audio S2 Pro (voice-cloned from ElevenLabs reference),train,5.341,16000,170944,7a39cd9458c560dfc527eb30bcdb0f58f974972dffdada69574f5e058636b159
E:\VoiceDeepfakeAI\voice_deepfake_dataset\train\fake\english\en_sameer_2e192be1c0.wav,fake,english,en_sameer,BH-Builds/indic-audio,voice_clone,Fish Audio S2 Pro (voice-cloned from ElevenLabs reference),train,4.69,16000,150138,2e192be1c05f90092408f9a27f8e89c2a508b2e0d5e3268b7dbd668927a156bc
E:\VoiceDeepfakeAI\voice_deepfake_dataset\train\fake\english\en_sameer_7cc02884e2.wav,fake,english,en_sameer,BH-Builds/indic-audio,voice_clone,Fish Audio S2 Pro (voice-cloned from ElevenLabs reference),train,4.272,16000,136764,7cc02884e23ec2f97213422d0b12095baa401214c8edb3d5044a735b7303fd4d
E:\VoiceDeepfakeAI\voice_deepfake_dataset\train\fake\english\en_sameer_b9ca6cd6fa.wav,fake,english,en_sameer,BH-Builds/indic-audio,voice_clone,Fish Audio S2 Pro (voice-cloned from ElevenLabs reference),train,6.502,16000,208096,b9ca6cd6fadcfb28199efc11b063230173fd1b2f8ac53d2df69f0598377de7f2
E:\VoiceDeepfakeAI\voice_deepfake_dataset\train\fake\english\en_sameer_266a14cdd6.wav,fake,english,en_sameer,BH-Builds/indic-audio,voice_clone,Fish Audio S2 Pro (voice-cloned from ElevenLabs reference),train,4.18,16000,133792,266a14cdd682377187321a234d9c7ab9440634552490b85b603a6bd4c5ab7a0d
E:\VoiceDeepfakeAI\voice_deepfake_dataset\train\fake\english\en_sameer_da8edf1e07.wav,fake,english,en_sameer,BH-Builds/indic-audio,voice_clone,Fish Audio S2 Pro (voice-cloned from ElevenLabs reference),train,5.944,16000,190262,da8edf1e07700f592c201099beeda341fe1cd77ddf551dd5c267c2246f4403fb
E:\VoiceDeepfakeAI\voice_deepfake_dataset\train\fake\english\en_sameer_5d7288df79.wav,fake,english,en_sameer,BH-Builds/indic-audio,voice_clone,Fish Audio S2 Pro (voice-cloned from ElevenLabs reference),train,4.69,16000,150138,5d7288df79483c4590037431aec0eeb34b4c314b57207866ee44370f2668b1d8
E:\VoiceDeepfakeAI\voice_deepfake_dataset\train\fake\english\en_sameer_ed4d18beed.wav,fake,english,en_sameer,BH-Builds/indic-audio,voice_clone,Fish Audio S2 Pro (voice-cloned from ElevenLabs reference),train,4.04,16000,129334,ed4d18beedb5ccc4f7a3568960953dd4d63761b96ce761ef02b76f7fe1f330e3
E:\VoiceDeepfakeAI\voice_deepfake_dataset\train\fake\english\en_sameer_cc76f1d51c.wav,fake,english,en_sameer,BH-Builds/indic-audio,voice_clone,Fish Audio S2 Pro (voice-cloned from ElevenLabs reference),train,4.18,16000,133792,cc76f1d51cc91a373ede09ccc5e7c1d165fd7a872613b20ccbd2bbaca5812b05
E:\VoiceDeepfakeAI\voice_deepfake_dataset\train\fake\english\en_sameer_1887b05763.wav,fake,english,en_sameer,BH-Builds/indic-audio,voice_clone,Fish Audio S2 Pro (voice-cloned from ElevenLabs reference),train,4.18,16000,133792,1887b0576353901a127adc67c3709a136bb5a92c71c764542921f75c7e86db2a
E:\VoiceDeepfakeAI\voice_deepfake_dataset\train\fake\english\en_sameer_bfd18b7134.wav,fake,english,en_sameer,BH-Builds/indic-audio,voice_clone,Fish Audio S2 Pro (voice-cloned from ElevenLabs reference),train,4.319,16000,138250,bfd18b71344972042a3fa944841c9116c65c2d4f266deeaa6d635902ac8ce978
E:\VoiceDeepfakeAI\voice_deepfake_dataset\train\fake\english\en_sameer_27cd3e7718.wav,fake,english,en_sameer,BH-Builds/indic-audio,voice_clone,Fish Audio S2 Pro (voice-cloned from ElevenLabs reference),train,5.898,16000,188776,27cd3e7718fdd7fda23f4d9f1e9f7209a6da1d2e571fbd1fa75bfd916316ac36
E:\VoiceDeepfakeAI\voice_deepfake_dataset\train\fake\english\en_sameer_28cc250eae.wav,fake,english,en_sameer,BH-Builds/indic-audio,voice_clone,Fish Audio S2 Pro (voice-cloned from ElevenLabs reference),train,6.13,16000,196208,28cc250eae80cf75ed836cd974235494802250e9c5043dbbd78ebc862b69bc0f
E:\VoiceDeepfakeAI\voice_deepfake_dataset\train\fake\english\en_sameer_e33cfe8d7f.wav,fake,english,en_sameer,BH-Builds/indic-audio,voice_clone,Fish Audio S2 Pro (voice-cloned from ElevenLabs reference),train,4.598,16000,147166,e33cfe8d7f7e87330a3dcd9b141fa6ff0ca74e3028df5033029fb25fef8e8ec6
E:\VoiceDeepfakeAI\voice_deepfake_dataset\train\fake\english\en_sameer_af4a631ec6.wav,fake,english,en_sameer,BH-Builds/indic-audio,voice_clone,Fish Audio S2 Pro (voice-cloned from ElevenLabs reference),train,3.715,16000,118932,af4a631ec61a95d00dbf0970f17c6741284b5d93426a72ef6c720372152260f2
E:\VoiceDeepfakeAI\voice_deepfake_dataset\train\fake\english\en_arjun_336646f54a.wav,fake,english,en_arjun,BH-Builds/indic-audio,voice_clone,Fish Audio S2 Pro (voice-cloned from ElevenLabs reference),train,3.297,16000,105556,336646f54a3c77160453322212895782b7dc04f999b658b1074f686c1a0cd1bc
E:\VoiceDeepfakeAI\voice_deepfake_dataset\train\fake\english\en_arjun_1689d07386.wav,fake,english,en_arjun,BH-Builds/indic-audio,voice_clone,Fish Audio S2 Pro (voice-cloned from ElevenLabs reference),train,2.833,16000,90696,1689d073860582794358510dc0ced36ade20c9cacb625b3785a11587e6f60cbb
E:\VoiceDeepfakeAI\voice_deepfake_dataset\train\fake\english\en_arjun_f59be0fc65.wav,fake,english,en_arjun,BH-Builds/indic-audio,voice_clone,Fish Audio S2 Pro (voice-cloned from ElevenLabs reference),train,3.901,16000,124876,f59be0fc65e798e7402127c3637f417d5f868f81b3099796ec7a941c5537e10f
E:\VoiceDeepfakeAI\voice_deepfake_dataset\train\fake\english\en_arjun_3f05f27875.wav,fake,english,en_arjun,BH-Builds/indic-audio,voice_clone,Fish Audio S2 Pro (voice-cloned from ElevenLabs reference),train,3.483,16000,111500,3f05f27875dcfe092c21bdedba36e2c3ec49966f47e42eed73a21479f5fd8336
E:\VoiceDeepfakeAI\voice_deepfake_dataset\train\fake\english\en_arjun_ee536509f4.wav,fake,english,en_arjun,BH-Builds/indic-audio,voice_clone,Fish Audio S2 Pro (voice-cloned from ElevenLabs reference),train,2.601,16000,83266,ee536509f47c4e08b5e83927635c8e2703caf7e988a3df13b5947313165246da
E:\VoiceDeepfakeAI\voice_deepfake_dataset\train\fake\english\en_arjun_66dd1dae31.wav,fake,english,en_arjun,BH-Builds/indic-audio,voice_clone,Fish Audio S2 Pro (voice-cloned from ElevenLabs reference),train,5.294,16000,169458,66dd1dae31421bdabf976da38547bb79016bb5317af093179332173439c203f0
E:\VoiceDeepfakeAI\voice_deepfake_dataset\train\fake\english\en_arjun_f98895e31d.wav,fake,english,en_arjun,BH-Builds/indic-audio,voice_clone,Fish Audio S2 Pro (voice-cloned from ElevenLabs reference),train,3.529,16000,112986,f98895e31d927c0b5c1b075ba6efa31e7106f3a0658f74c8ae36a897c892c135
E:\VoiceDeepfakeAI\voice_deepfake_dataset\train\fake\english\en_arjun_a6d61c922d.wav,fake,english,en_arjun,BH-Builds/indic-audio,voice_clone,Fish Audio S2 Pro (voice-cloned from ElevenLabs reference),train,2.322,16000,74348,a6d61c922d175bfc29e67d2a70737d5ec26d16b55eadbfc4569474faa9742b61
E:\VoiceDeepfakeAI\voice_deepfake_dataset\train\fake\english\en_arjun_06908ee3d9.wav,fake,english,en_arjun,BH-Builds/indic-audio,voice_clone,Fish Audio S2 Pro (voice-cloned from ElevenLabs reference),train,2.786,16000,89210,06908ee3d910e3d005c7d0c7afcd37189eeffa6a54581c489dc7ee76ee8140ec
E:\VoiceDeepfakeAI\voice_deepfake_dataset\train\fake\english\en_arjun_fca8c3b2a5.wav,fake,english,en_arjun,BH-Builds/indic-audio,voice_clone,Fish Audio S2 Pro (voice-cloned from ElevenLabs reference),train,2.833,16000,90696,fca8c3b2a52ba55cb6866ffac11fb548b815b3ff5aae5a74830e3045cca30704
E:\VoiceDeepfakeAI\voice_deepfake_dataset\train\fake\english\en_arjun_ef6ed41084.wav,fake,english,en_arjun,BH-Builds/indic-audio,voice_clone,Fish Audio S2 Pro (voice-cloned from ElevenLabs reference),train,3.576,16000,114472,ef6ed41084884e94d40abbbc1d7da5b2ae67ed117102b1fe5365f13ce61bd2f0
E:\VoiceDeepfakeAI\voice_deepfake_dataset\train\fake\english\en_arjun_d0da275b8f.wav,fake,english,en_arjun,BH-Builds/indic-audio,voice_clone,Fish Audio S2 Pro (voice-cloned from ElevenLabs reference),train,5.712,16000,182832,d0da275b8fb13e07244acb360712f0df93808de6a824b690ad8670b81d2404c0
E:\VoiceDeepfakeAI\voice_deepfake_dataset\train\fake\english\en_arjun_0457041d98.wav,fake,english,en_arjun,BH-Builds/indic-audio,voice_clone,Fish Audio S2 Pro (voice-cloned from ElevenLabs reference),train,3.437,16000,110014,0457041d98eb35f5abb8dd5ae4161b908d6b1f24b5f86ccfd3b5d691baee974f
E:\VoiceDeepfakeAI\voice_deepfake_dataset\train\fake\english\en_arjun_4dc1dc3e3b.wav,fake,english,en_arjun,BH-Builds/indic-audio,voice_clone,Fish Audio S2 Pro (voice-cloned from ElevenLabs reference),train,2.833,16000,90696,4dc1dc3e3b3684cbd1da4c0ae695018ee73f534be4c0c374ef53b6fde2eb6610
E:\VoiceDeepfakeAI\voice_deepfake_dataset\train\fake\english\en_arjun_fd46a52bbc.wav,fake,english,en_arjun,BH-Builds/indic-audio,voice_clone,Fish Audio S2 Pro (voice-cloned from ElevenLabs reference),train,2.74,16000,87724,fd46a52bbcedd6f401275d084da29136274eaf0beef8785c45d3fe39bec6a4de
E:\VoiceDeepfakeAI\voice_deepfake_dataset\train\fake\english\en_arjun_ff8f072779.wav,fake,english,en_arjun,BH-Builds/indic-audio,voice_clone,Fish Audio S2 Pro (voice-cloned from ElevenLabs reference),train,2.926,16000,93668,ff8f07277937ba9e135669f9db72507325bf3f9b85f059037bbf0625acf1b3f6
E:\VoiceDeepfakeAI\voice_deepfake_dataset\train\fake\english\en_arjun_04d855d433.wav,fake,english,en_arjun,BH-Builds/indic-audio,voice_clone,Fish Audio S2 Pro (voice-cloned from ElevenLabs reference),train,5.062,16000,162028,04d855d43329eafbd8dbe199ecd7a8435362ee6e43060d1b0f39daffcfc506fc
E:\VoiceDeepfakeAI\voice_deepfake_dataset\train\fake\english\en_arjun_616fa98acc.wav,fake,english,en_arjun,BH-Builds/indic-audio,voice_clone,Fish Audio S2 Pro (voice-cloned from ElevenLabs reference),train,3.251,16000,104070,616fa98acca3b0d9c0766c944fa6e776378bcd7adc33bbb793e8e0d4e3f451e8
E:\VoiceDeepfakeAI\voice_deepfake_dataset\train\fake\english\en_kabir_0fde7b1a74.wav,fake,english,en_kabir,BH-Builds/indic-audio,voice_clone,Fish Audio S2 Pro (voice-cloned from ElevenLabs reference),train,3.994,16000,127848,0fde7b1a7477fd9687ec0f1534238cc6d22dcf3f97c0251ffe65b49a56cfbe85
E:\VoiceDeepfakeAI\voice_deepfake_dataset\train\fake\english\en_kabir_32ac4f5b95.wav,fake,english,en_kabir,BH-Builds/indic-audio,voice_clone,Fish Audio S2 Pro (voice-cloned from ElevenLabs reference),train,5.898,16000,188776,32ac4f5b95f9f22fe9e673d94556586a0b508d44e2e437127384d0d0a2bfa58f
E:\VoiceDeepfakeAI\voice_deepfake_dataset\train\fake\english\en_kabir_0d4d659be8.wav,fake,english,en_kabir,BH-Builds/indic-audio,voice_clone,Fish Audio S2 Pro (voice-cloned from ElevenLabs reference),train,6.502,16000,208096,0d4d659be8c335e5cbb058186905631a7399ec0df330d28a015ade78b0839610
E:\VoiceDeepfakeAI\voice_deepfake_dataset\train\fake\english\en_kabir_466b0225a4.wav,fake,english,en_kabir,BH-Builds/indic-audio,voice_clone,Fish Audio S2 Pro (voice-cloned from ElevenLabs reference),train,3.947,16000,126362,466b0225a4012dcffca3934cd6d91fced434ebc2fe3cf637d20327e147b6ca75
E:\VoiceDeepfakeAI\voice_deepfake_dataset\train\fake\english\en_kabir_0a5a7f5bb8.wav,fake,english,en_kabir,BH-Builds/indic-audio,voice_clone,Fish Audio S2 Pro (voice-cloned from ElevenLabs reference),train,4.644,16000,148652,0a5a7f5bb8db8c6b81137d9b34f069724df61a9113f14f3b0714518d0590150f
E:\VoiceDeepfakeAI\voice_deepfake_dataset\train\fake\english\en_kabir_8dd0dc17ba.wav,fake,english,en_kabir,BH-Builds/indic-audio,voice_clone,Fish Audio S2 Pro (voice-cloned from ElevenLabs reference),train,3.947,16000,126362,8dd0dc17ba3f960bffe32625ae91ca8b027bf741e2f272895d4ff229c9dd009e
E:\VoiceDeepfakeAI\voice_deepfake_dataset\train\fake\english\en_kabir_87e1666f33.wav,fake,english,en_kabir,BH-Builds/indic-audio,voice_clone,Fish Audio S2 Pro (voice-cloned from ElevenLabs reference),train,4.876,16000,156084,87e1666f336d21f9860dd1729ac0fa1a3558be42b05a859b15c9026729b4db46
E:\VoiceDeepfakeAI\voice_deepfake_dataset\train\fake\english\en_kabir_23f5894dcc.wav,fake,english,en_kabir,BH-Builds/indic-audio,voice_clone,Fish Audio S2 Pro (voice-cloned from ElevenLabs reference),train,4.505,16000,144194,23f5894dccf42b0525ee5e13a0f5fc5952f3587b769e92436ddd19871dd89c8e
E:\VoiceDeepfakeAI\voice_deepfake_dataset\train\fake\english\en_kabir_6e1f2c5fc1.wav,fake,english,en_kabir,BH-Builds/indic-audio,voice_clone,Fish Audio S2 Pro (voice-cloned from ElevenLabs reference),train,5.387,16000,172430,6e1f2c5fc1f065093653e81f79e1df83a3c70255b95bff0c78d397b032296330
E:\VoiceDeepfakeAI\voice_deepfake_dataset\train\fake\english\en_kabir_b1d44aa61e.wav,fake,english,en_kabir,BH-Builds/indic-audio,voice_clone,Fish Audio S2 Pro (voice-cloned from ElevenLabs reference),train,6.502,16000,208096,b1d44aa61e8f224062ddb2e5db42a9176717572e18459637205641c0156b51fd
E:\VoiceDeepfakeAI\voice_deepfake_dataset\train\fake\english\en_kabir_ae464a0d98.wav,fake,english,en_kabir,BH-Builds/indic-audio,voice_clone,Fish Audio S2 Pro (voice-cloned from ElevenLabs reference),train,4.087,16000,130820,ae464a0d989eef1106d1c1b997dc11ef38edceee00fd4efc1d11a97f4b99820f
E:\VoiceDeepfakeAI\voice_deepfake_dataset\train\fake\english\en_kabir_0ac7bc7f6e.wav,fake,english,en_kabir,BH-Builds/indic-audio,voice_clone,Fish Audio S2 Pro (voice-cloned from ElevenLabs reference),train,4.598,16000,147166,0ac7bc7f6e9067268f778884672a9510fc6694b133207ae02d254fc042208719
E:\VoiceDeepfakeAI\voice_deepfake_dataset\train\fake\english\en_kabir_ef91fe2f5d.wav,fake,english,en_kabir,BH-Builds/indic-audio,voice_clone,Fish Audio S2 Pro (voice-cloned from ElevenLabs reference),train,5.619,16000,179860,ef91fe2f5dbf662353831a2705e08baabf3cf799050e731ebf7836bdb841a133
E:\VoiceDeepfakeAI\voice_deepfake_dataset\train\fake\english\en_kabir_0ee522c3a6.wav,fake,english,en_kabir,BH-Builds/indic-audio,voice_clone,Fish Audio S2 Pro (voice-cloned from ElevenLabs reference),train,3.715,16000,118932,0ee522c3a6df87f5424ea7ad95797046088b6232241e0b795b80716bc2ca81d8
E:\VoiceDeepfakeAI\voice_deepfake_dataset\train\fake\english\en_kabir_d49de64123.wav,fake,english,en_kabir,BH-Builds/indic-audio,voice_clone,Fish Audio S2 Pro (voice-cloned from ElevenLabs reference),train,5.712,16000,182832,d49de64123d090b894cbd78ea436082bd385d086b2a3f686de8a5a4fea6b896c
E:\VoiceDeepfakeAI\voice_deepfake_dataset\train\fake\english\en_kabir_876592089a.wav,fake,english,en_kabir,BH-Builds/indic-audio,voice_clone,Fish Audio S2 Pro (voice-cloned from ElevenLabs reference),train,3.808,16000,121904,876592089a2cde1a222b38f76774d0b756daa446cf785d73c837087920ace197
E:\VoiceDeepfakeAI\voice_deepfake_dataset\train\fake\english\en_kabir_7a95d4b430.wav,fake,english,en_kabir,BH-Builds/indic-audio,voice_clone,Fish Audio S2 Pro (voice-cloned from ElevenLabs reference),train,5.248,16000,167972,7a95d4b430478616252f4a5249463a212fa8c03a0449d2228a5b759d81d8c6a4
E:\VoiceDeepfakeAI\voice_deepfake_dataset\train\fake\english\en_kabir_7ba7a50871.wav,fake,english,en_kabir,BH-Builds/indic-audio,voice_clone,Fish Audio S2 Pro (voice-cloned from ElevenLabs reference),train,6.827,16000,218498,7ba7a508716845eb114302582402f831c7d0c61967e5c534a010bbece648d279
E:\VoiceDeepfakeAI\voice_deepfake_dataset\train\fake\hinglish\hing_meera_bdfb234446.wav,fake,hinglish,hing_meera,BH-Builds/indic-audio,voice_clone,Fish Audio S2 Pro (voice-cloned from ElevenLabs reference),train,3.111,16000,99612,bdfb234446fe370bb94adfc9e88880a5d5b82b6a10e75003b2313075eb678f0e
E:\VoiceDeepfakeAI\voice_deepfake_dataset\train\fake\hinglish\hing_meera_c1da30802c.wav,fake,hinglish,hing_meera,BH-Builds/indic-audio,voice_clone,Fish Audio S2 Pro (voice-cloned from ElevenLabs reference),train,3.622,16000,115960,c1da30802c8fab3b69ffde4fef8c03c20db1145e6673fb43c1ef0fbca44c8c60
E:\VoiceDeepfakeAI\voice_deepfake_dataset\train\fake\hinglish\hing_meera_1ef9e8c441.wav,fake,hinglish,hing_meera,BH-Builds/indic-audio,voice_clone,Fish Audio S2 Pro (voice-cloned from ElevenLabs reference),train,3.344,16000,107042,1ef9e8c4417735d1c1c39f837ad0840a1871654de565697a8fb3cc1cb2b3d2d0
E:\VoiceDeepfakeAI\voice_deepfake_dataset\train\fake\hinglish\hing_meera_998a318454.wav,fake,hinglish,hing_meera,BH-Builds/indic-audio,voice_clone,Fish Audio S2 Pro (voice-cloned from ElevenLabs reference),train,3.715,16000,118932,998a3184548cf0ca2c49920c91edb979b720432b547c7d89f9539f1d0731429c
E:\VoiceDeepfakeAI\voice_deepfake_dataset\train\fake\hindi\hi_shivani_e8e2d68875.wav,fake,hindi,hi_shivani,BH-Builds/indic-audio,voice_clone,Fish Audio S2 Pro (voice-cloned from ElevenLabs reference),train,4.412,16000,141222,e8e2d68875f6aa64323b40e6c8b38ecd9db5454dfff9d76bec6ed8acb5647e83
E:\VoiceDeepfakeAI\voice_deepfake_dataset\train\fake\hindi\hi_shivani_fa4686db04.wav,fake,hindi,hi_shivani,BH-Builds/indic-audio,voice_clone,Fish Audio S2 Pro (voice-cloned from ElevenLabs reference),train,3.901,16000,124876,fa4686db042d4d9e9996ffb3a7d9757f2a237d613f83fb081dd3f4e4c78e0efa
E:\VoiceDeepfakeAI\voice_deepfake_dataset\train\fake\hindi\hi_shivani_c87ac35f53.wav,fake,hindi,hi_shivani,BH-Builds/indic-audio,voice_clone,Fish Audio S2 Pro (voice-cloned from ElevenLabs reference),train,5.201,16000,166486,c87ac35f531a09621236ff5770dc0ee91738295178779d367453134009b1048c
E:\VoiceDeepfakeAI\voice_deepfake_dataset\train\fake\hindi\hi_shivani_9a4e25c8a3.wav,fake,hindi,hi_shivani,BH-Builds/indic-audio,voice_clone,Fish Audio S2 Pro (voice-cloned from ElevenLabs reference),train,3.715,16000,118932,9a4e25c8a3c7c93d99566ec2556f39ae4c4b40580b2c423ac13ea44d0eface68
E:\VoiceDeepfakeAI\voice_deepfake_dataset\train\fake\hindi\hi_shivani_795892a7d0.wav,fake,hindi,hi_shivani,BH-Builds/indic-audio,voice_clone,Fish Audio S2 Pro (voice-cloned from ElevenLabs reference),train,2.601,16000,83266,795892a7d05e5de9c83c478228bd3d2ef546cb0cadcc87018f5943d00a4d2bd2
E:\VoiceDeepfakeAI\voice_deepfake_dataset\train\fake\hindi\hi_shivani_4de28ea578.wav,fake,hindi,hi_shivani,BH-Builds/indic-audio,voice_clone,Fish Audio S2 Pro (voice-cloned from ElevenLabs reference),train,3.901,16000,124876,4de28ea57863cf5dfeba5105ed7e47a8226b7709f9d21ad6ddf6ef401d79e273
E:\VoiceDeepfakeAI\voice_deepfake_dataset\train\fake\hindi\hi_shivani_6c325216b4.wav,fake,hindi,hi_shivani,BH-Builds/indic-audio,voice_clone,Fish Audio S2 Pro (voice-cloned from ElevenLabs reference),train,5.526,16000,176888,6c325216b48e219ba19cd99f0bfe6da2a2590c0fe3d22b5afee387b425b11b1b
E:\VoiceDeepfakeAI\voice_deepfake_dataset\train\fake\hindi\hi_shivani_111c106c7a.wav,fake,hindi,hi_shivani,BH-Builds/indic-audio,voice_clone,Fish Audio S2 Pro (voice-cloned from ElevenLabs reference),train,5.526,16000,176888,111c106c7aeee907e0650db1d865d1d75afe1822d89086dd85583ad100dbdd8e
E:\VoiceDeepfakeAI\voice_deepfake_dataset\train\fake\hindi\hi_shivani_4892f896d2.wav,fake,hindi,hi_shivani,BH-Builds/indic-audio,voice_clone,Fish Audio S2 Pro (voice-cloned from ElevenLabs reference),train,4.598,16000,147166,4892f896d2ac7b94da88a1dcadbdb4044c266aa0f0261c81999fc843369ebde0
E:\VoiceDeepfakeAI\voice_deepfake_dataset\train\fake\hindi\hi_shivani_a00342e97b.wav,fake,hindi,hi_shivani,BH-Builds/indic-audio,voice_clone,Fish Audio S2 Pro (voice-cloned from ElevenLabs reference),train,3.204,16000,102584,a00342e97b65147c83fde08254a3210f2d3f216e7761b8fd484bbcd8e8f13c6f
E:\VoiceDeepfakeAI\voice_deepfake_dataset\train\fake\hindi\hi_shivani_de6ee14079.wav,fake,hindi,hi_shivani,BH-Builds/indic-audio,voice_clone,Fish Audio S2 Pro (voice-cloned from ElevenLabs reference),train,4.365,16000,139736,de6ee14079c65213d3feb0a40cc8db28566894f885f489bb388dd2e4a023b3c3
E:\VoiceDeepfakeAI\voice_deepfake_dataset\train\fake\hindi\hi_shivani_e97f062d47.wav,fake,hindi,hi_shivani,BH-Builds/indic-audio,voice_clone,Fish Audio S2 Pro (voice-cloned from ElevenLabs reference),train,3.39,16000,108528,e97f062d479a843234960b679818edd512f8347a3ea64394cde31af9ae72fda2
E:\VoiceDeepfakeAI\voice_deepfake_dataset\train\fake\hindi\hi_shivani_bb3e4104c0.wav,fake,hindi,hi_shivani,BH-Builds/indic-audio,voice_clone,Fish Audio S2 Pro (voice-cloned from ElevenLabs reference),train,6.13,16000,196208,bb3e4104c0764b5a1a08dba2f4bd22ef12ae938d4071cd1958e21697fd01c3af
E:\VoiceDeepfakeAI\voice_deepfake_dataset\train\fake\hindi\hi_shivani_0bed980659.wav,fake,hindi,hi_shivani,BH-Builds/indic-audio,voice_clone,Fish Audio S2 Pro (voice-cloned from ElevenLabs reference),train,3.297,16000,105556,0bed98065996f7b13d1c890cd1a67e507b8475f44cec4b29cca51c295a27a15c
E:\VoiceDeepfakeAI\voice_deepfake_dataset\train\fake\hindi\hi_shivani_87a9dfb00a.wav,fake,hindi,hi_shivani,BH-Builds/indic-audio,voice_clone,Fish Audio S2 Pro (voice-cloned from ElevenLabs reference),train,4.365,16000,139736,87a9dfb00ac4ce6b7fe70cd5cec50ffcc85c079828ad20fe55ba8007c39235a5
E:\VoiceDeepfakeAI\voice_deepfake_dataset\train\fake\hindi\hi_shivani_eef7fb11e4.wav,fake,hindi,hi_shivani,BH-Builds/indic-audio,voice_clone,Fish Audio S2 Pro (voice-cloned from ElevenLabs reference),train,6.827,16000,218498,eef7fb11e49711da6d0485d05955906c05cd6786316d4a2a8b4a3978c998cdc1
E:\VoiceDeepfakeAI\voice_deepfake_dataset\train\fake\hindi\hi_shivani_d897716957.wav,fake,hindi,hi_shivani,BH-Builds/indic-audio,voice_clone,Fish Audio S2 Pro (voice-cloned from ElevenLabs reference),train,5.898,16000,188776,d897716957840180dd77e15689167a4631442d9ac3b7d287f04ab5c10f1c1ebf
E:\VoiceDeepfakeAI\voice_deepfake_dataset\train\fake\hindi\hi_shivani_389a911665.wav,fake,hindi,hi_shivani,BH-Builds/indic-audio,voice_clone,Fish Audio S2 Pro (voice-cloned from ElevenLabs reference),train,7.802,16000,249706,389a911665623103a3662ff5d6499622b21efffb0cfae13f5427ec20da47ad07
E:\VoiceDeepfakeAI\voice_deepfake_dataset\train\fake\hindi\hi_shivani_6219364b4d.wav,fake,hindi,hi_shivani,BH-Builds/indic-audio,voice_clone,Fish Audio S2 Pro (voice-cloned from ElevenLabs reference),train,3.297,16000,105556,6219364b4d6620b6c0208d6881c1d94734eb8d137591f700d9c8a3d3746c30b2
E:\VoiceDeepfakeAI\voice_deepfake_dataset\train\fake\hindi\hi_shivani_06d92905da.wav,fake,hindi,hi_shivani,BH-Builds/indic-audio,voice_clone,Fish Audio S2 Pro (voice-cloned from ElevenLabs reference),train,2.972,16000,95154,06d92905da75a0a6a20eaa21e018225fac05120ab14509bae0e2f7f54bbf7fe7
E:\VoiceDeepfakeAI\voice_deepfake_dataset\train\fake\hindi\hi_shivani_fc6f66d203.wav,fake,hindi,hi_shivani,BH-Builds/indic-audio,voice_clone,Fish Audio S2 Pro (voice-cloned from ElevenLabs reference),train,3.158,16000,101098,fc6f66d203c976a598f70ec4cc20a65cfd07558ca5000c917de62001379540ea
E:\VoiceDeepfakeAI\voice_deepfake_dataset\train\fake\hindi\hi_shivani_bab4056dd6.wav,fake,hindi,hi_shivani,BH-Builds/indic-audio,voice_clone,Fish Audio S2 Pro (voice-cloned from ElevenLabs reference),train,2.276,16000,72862,bab4056dd6e7ccd007f83036d292e01c840053d87b0e7286a6a8d8e070382f27
E:\VoiceDeepfakeAI\voice_deepfake_dataset\train\fake\hindi\hi_shivani_418828f139.wav,fake,hindi,hi_shivani,BH-Builds/indic-audio,voice_clone,Fish Audio S2 Pro (voice-cloned from ElevenLabs reference),train,2.461,16000,78808,418828f13961bc0e0c23381e711ca1483efd682f4a0f2f6bcef2f9ec89347aa2
E:\VoiceDeepfakeAI\voice_deepfake_dataset\train\fake\hindi\hi_shivani_91ef304a9c.wav,fake,hindi,hi_shivani,BH-Builds/indic-audio,voice_clone,Fish Audio S2 Pro (voice-cloned from ElevenLabs reference),train,4.737,16000,151624,91ef304a9ca8e8607d5304ad52e1a8996c55ced95f12374379e078897b034ae8
E:\VoiceDeepfakeAI\voice_deepfake_dataset\train\fake\hindi\hi_shivani_e64a24d311.wav,fake,hindi,hi_shivani,BH-Builds/indic-audio,voice_clone,Fish Audio S2 Pro (voice-cloned from ElevenLabs reference),train,4.598,16000,147166,e64a24d3111c7dca21c04ebf44cf3fcd3aa9a0959a2c542d27a144b7c4b94a94
E:\VoiceDeepfakeAI\voice_deepfake_dataset\train\fake\hindi\hi_shivani_837cc98a08.wav,fake,hindi,hi_shivani,BH-Builds/indic-audio,voice_clone,Fish Audio S2 Pro (voice-cloned from ElevenLabs reference),train,4.969,16000,159056,837cc98a089dcb9f417a811f24a62b29a882f8416939674f8b75082735e34a30
E:\VoiceDeepfakeAI\voice_deepfake_dataset\train\fake\hindi\hi_shivani_4462eacd4b.wav,fake,hindi,hi_shivani,BH-Builds/indic-audio,voice_clone,Fish Audio S2 Pro (voice-cloned from ElevenLabs reference),train,6.409,16000,205124,4462eacd4ba227b056511e7ff76b4047e95c5ffe46c709ebb6d93a1b4a0b43a8
E:\VoiceDeepfakeAI\voice_deepfake_dataset\train\fake\hindi\hi_shivani_3925f52172.wav,fake,hindi,hi_shivani,BH-Builds/indic-audio,voice_clone,Fish Audio S2 Pro (voice-cloned from ElevenLabs reference),train,6.595,16000,211068,3925f52172baf1978f366f5552dbf8f4288d033ff78664db6f1b6086b41f0e7e
E:\VoiceDeepfakeAI\voice_deepfake_dataset\train\fake\hindi\hi_shivani_748edaaabc.wav,fake,hindi,hi_shivani,BH-Builds/indic-audio,voice_clone,Fish Audio S2 Pro (voice-cloned from ElevenLabs reference),train,7.384,16000,236332,748edaaabcc6da9a55c10e5a877c216412027bdad704edf59d18560246b33c8d
E:\VoiceDeepfakeAI\voice_deepfake_dataset\train\fake\hindi\hi_shivani_c7cb633a84.wav,fake,hindi,hi_shivani,BH-Builds/indic-audio,voice_clone,Fish Audio S2 Pro (voice-cloned from ElevenLabs reference),train,5.248,16000,167972,c7cb633a84658462fc022d68bcb9c2132034dd3090b729d9fb34289f6a2e4196
E:\VoiceDeepfakeAI\voice_deepfake_dataset\train\fake\hindi\hi_shivani_9a2eb60d70.wav,fake,hindi,hi_shivani,BH-Builds/indic-audio,voice_clone,Fish Audio S2 Pro (voice-cloned from ElevenLabs reference),train,5.434,16000,173916,9a2eb60d702e2f50bd4623bac8845f7e1f3e5e9e44211e08ccbd78a73b634f11
E:\VoiceDeepfakeAI\voice_deepfake_dataset\train\fake\hindi\hi_shivani_4d46cefd2f.wav,fake,hindi,hi_shivani,BH-Builds/indic-audio,voice_clone,Fish Audio S2 Pro (voice-cloned from ElevenLabs reference),train,5.573,16000,178374,4d46cefd2fffc3afde53eadba3b4c0f1bd9ba0f01041351f7b6d5561a3a59358
E:\VoiceDeepfakeAI\voice_deepfake_dataset\train\fake\hindi\hi_shivani_5ef9201297.wav,fake,hindi,hi_shivani,BH-Builds/indic-audio,voice_clone,Fish Audio S2 Pro (voice-cloned from ElevenLabs reference),train,7.291,16000,233360,5ef92012974f3d0e9778415a7cf18da7db3f4e639159d739db2bc48f16f6282d
E:\VoiceDeepfakeAI\voice_deepfake_dataset\train\fake\hindi\hi_shivani_11b58d8ca1.wav,fake,hindi,hi_shivani,BH-Builds/indic-audio,voice_clone,Fish Audio S2 Pro (voice-cloned from ElevenLabs reference),train,6.037,16000,193236,11b58d8ca130498f1ceb21dc5a18bf80a063dd6adc73c4b5a1e9b3a9ce2afda7
E:\VoiceDeepfakeAI\voice_deepfake_dataset\train\fake\hindi\hi_shivani_92f4ec30b1.wav,fake,hindi,hi_shivani,BH-Builds/indic-audio,voice_clone,Fish Audio S2 Pro (voice-cloned from ElevenLabs reference),train,8.452,16000,270512,92f4ec30b19ba3fc851faca5b9119bbc21d435d03e2669c3ac41023926728fe8
E:\VoiceDeepfakeAI\voice_deepfake_dataset\train\fake\hindi\hi_shivani_71e841cef3.wav,fake,hindi,hi_shivani,BH-Builds/indic-audio,voice_clone,Fish Audio S2 Pro (voice-cloned from ElevenLabs reference),train,8.173,16000,261594,71e841cef3e1540c66bd6b32f7bdfec58e4f36a7b836d03e655b9416ed0ac42d
E:\VoiceDeepfakeAI\voice_deepfake_dataset\train\fake\hindi\hi_shivani_6ab804bbad.wav,fake,hindi,hi_shivani,BH-Builds/indic-audio,voice_clone,Fish Audio S2 Pro (voice-cloned from ElevenLabs reference),train,5.805,16000,185804,6ab804bbad4e81abc7834ff09881ec0e2c6bb9ab69190fbe930fcc2b9e965184
E:\VoiceDeepfakeAI\voice_deepfake_dataset\train\fake\hindi\hi_shivani_44c63ad565.wav,fake,hindi,hi_shivani,BH-Builds/indic-audio,voice_clone,Fish Audio S2 Pro (voice-cloned from ElevenLabs reference),train,6.595,16000,211068,44c63ad5658ccdcd14bf382247d1e17c758a4dbbe4516e78519bf191cd531d8d
E:\VoiceDeepfakeAI\voice_deepfake_dataset\train\fake\hinglish\hing_divya_15a2f90b86.wav,fake,hinglish,hing_divya,BH-Builds/indic-audio,voice_clone,Fish Audio S2 Pro (voice-cloned from ElevenLabs reference),train,3.947,16000,126362,15a2f90b8658c9bacf7af5fb673a779f52cba90f2a0d238ccb87ffc2b214c8b3
E:\VoiceDeepfakeAI\voice_deepfake_dataset\train\fake\hinglish\hing_divya_8d6cd960a0.wav,fake,hinglish,hing_divya,BH-Builds/indic-audio,voice_clone,Fish Audio S2 Pro (voice-cloned from ElevenLabs reference),train,4.969,16000,159056,8d6cd960a0b0c2c20432e1eea18e143cf3d5529fe693b69df2ff9e530327466c
E:\VoiceDeepfakeAI\voice_deepfake_dataset\train\fake\hinglish\hing_divya_0d8e1e6c68.wav,fake,hinglish,hing_divya,BH-Builds/indic-audio,voice_clone,Fish Audio S2 Pro (voice-cloned from ElevenLabs reference),train,3.901,16000,124876,0d8e1e6c68c8750703f0d3825afa0c233e5f978248080e07bb883166af14544a
E:\VoiceDeepfakeAI\voice_deepfake_dataset\train\fake\hinglish\hing_divya_37198d4e53.wav,fake,hinglish,hing_divya,BH-Builds/indic-audio,voice_clone,Fish Audio S2 Pro (voice-cloned from ElevenLabs reference),train,6.92,16000,221470,37198d4e53afc9a8c9f77655349cf41b3cfc6da3ffd61c7ffb1ae4785aa58c5a
E:\VoiceDeepfakeAI\voice_deepfake_dataset\train\fake\hinglish\hing_atul_13a95069c0.wav,fake,hinglish,hing_atul,BH-Builds/indic-audio,voice_clone,Fish Audio S2 Pro (voice-cloned from ElevenLabs reference),train,2.833,16000,90696,13a95069c08f9409d43d7fad9379580a00e57a8d285f6a6d991d242482bd1d2d
E:\VoiceDeepfakeAI\voice_deepfake_dataset\train\fake\hinglish\hing_atul_3f2dddca5a.wav,fake,hinglish,hing_atul,BH-Builds/indic-audio,voice_clone,Fish Audio S2 Pro (voice-cloned from ElevenLabs reference),train,2.926,16000,93668,3f2dddca5a9366cc01310eada76c51588fa47d581629591d5f8663bbdaf84393
E:\VoiceDeepfakeAI\voice_deepfake_dataset\train\fake\hinglish\hing_atul_f9e4b79ede.wav,fake,hinglish,hing_atul,BH-Builds/indic-audio,voice_clone,Fish Audio S2 Pro (voice-cloned from ElevenLabs reference),train,3.111,16000,99612,f9e4b79ede119fcbbbf268a84fe360da9475c881490a23a9a4e1ef8a65d289be
E:\VoiceDeepfakeAI\voice_deepfake_dataset\train\fake\hinglish\hing_atul_94e2bbdeed.wav,fake,hinglish,hing_atul,BH-Builds/indic-audio,voice_clone,Fish Audio S2 Pro (voice-cloned from ElevenLabs reference),train,3.437,16000,110014,94e2bbdeed9f56afa08dd38fae409e7f465c5447afb4b254a32cb89c45dd9c87
E:\VoiceDeepfakeAI\voice_deepfake_dataset\train\fake\hinglish\hing_dev_ffdc938917.wav,fake,hinglish,hing_dev,BH-Builds/indic-audio,voice_clone,Fish Audio S2 Pro (voice-cloned from ElevenLabs reference),train,1.811,16000,58002,ffdc93891747188c07ba0d868bdbe699cc4d91fcb52a889a8b628fd6c1dba0c7
E:\VoiceDeepfakeAI\voice_deepfake_dataset\train\fake\hinglish\hing_dev_90bbf166f2.wav,fake,hinglish,hing_dev,BH-Builds/indic-audio,voice_clone,Fish Audio S2 Pro (voice-cloned from ElevenLabs reference),train,1.95,16000,62460,90bbf166f244d3a5e6a04c0b8c8325dc5416abfcbe8f2676c030d5d186235965
E:\VoiceDeepfakeAI\voice_deepfake_dataset\train\fake\hinglish\hing_dev_bbe4f7abc5.wav,fake,hinglish,hing_dev,BH-Builds/indic-audio,voice_clone,Fish Audio S2 Pro (voice-cloned from ElevenLabs reference),train,2.647,16000,84752,bbe4f7abc5091fe68618e705d4eeff4fe530b634e3f920a6335d422b5467abb8
E:\VoiceDeepfakeAI\voice_deepfake_dataset\train\fake\hinglish\hing_dev_5d15ebb813.wav,fake,hinglish,hing_dev,BH-Builds/indic-audio,voice_clone,Fish Audio S2 Pro (voice-cloned from ElevenLabs reference),train,2.461,16000,78808,5d15ebb813d5477f404cde41960c9d56a2e577c4bdd149f890d748e0b2d359ac
E:\VoiceDeepfakeAI\voice_deepfake_dataset\train\fake\english\en_nisha_638abe8137.wav,fake,english,en_nisha,BH-Builds/indic-audio,voice_clone,Fish Audio S2 Pro (voice-cloned from ElevenLabs reference),train,2.415,16000,77322,638abe81372e4ab9a34d7200ba679fb441084832ba9107aac1159644b5e5e292
E:\VoiceDeepfakeAI\voice_deepfake_dataset\train\fake\english\en_nisha_327b0784a0.wav,fake,english,en_nisha,BH-Builds/indic-audio,voice_clone,Fish Audio S2 Pro (voice-cloned from ElevenLabs reference),train,2.972,16000,95154,327b0784a08602801c97effc722c8fe0cba9a0e63cd50aac565baad83c10f3da
E:\VoiceDeepfakeAI\voice_deepfake_dataset\train\fake\english\en_nisha_6f5c5bf5d3.wav,fake,english,en_nisha,BH-Builds/indic-audio,voice_clone,Fish Audio S2 Pro (voice-cloned from ElevenLabs reference),train,3.111,16000,99612,6f5c5bf5d3507e482e5b9a64bdeffd8418a975b457e03eed16d94a1fc381386e
E:\VoiceDeepfakeAI\voice_deepfake_dataset\train\fake\english\en_nisha_d9e7b9592b.wav,fake,english,en_nisha,BH-Builds/indic-audio,voice_clone,Fish Audio S2 Pro (voice-cloned from ElevenLabs reference),train,2.786,16000,89210,d9e7b9592be03935d85c440b1f718d435b3160e94d691af3c2e2f24489167d28
E:\VoiceDeepfakeAI\voice_deepfake_dataset\train\fake\english\en_nisha_f30fc5aaca.wav,fake,english,en_nisha,BH-Builds/indic-audio,voice_clone,Fish Audio S2 Pro (voice-cloned from ElevenLabs reference),train,3.019,16000,96640,f30fc5aacadcf77182ab81e71c3fbf493601fd4adbbe523b848a5c6879b117e1
E:\VoiceDeepfakeAI\voice_deepfake_dataset\train\fake\english\en_nisha_d1347e210e.wav,fake,english,en_nisha,BH-Builds/indic-audio,voice_clone,Fish Audio S2 Pro (voice-cloned from ElevenLabs reference),train,4.319,16000,138250,d1347e210e2433800b65f694aae3e5e33e01d7ba34a72ce7bff651b3da31307c
E:\VoiceDeepfakeAI\voice_deepfake_dataset\train\fake\english\en_nisha_1bae51957a.wav,fake,english,en_nisha,BH-Builds/indic-audio,voice_clone,Fish Audio S2 Pro (voice-cloned from ElevenLabs reference),train,2.647,16000,84752,1bae51957ac6b03b480437eff1bf551b93bd09eb99b2aedad104b2d5adf940d0
E:\VoiceDeepfakeAI\voice_deepfake_dataset\train\fake\english\en_nisha_5141c8f5d1.wav,fake,english,en_nisha,BH-Builds/indic-audio,voice_clone,Fish Audio S2 Pro (voice-cloned from ElevenLabs reference),train,4.04,16000,129334,5141c8f5d1ac8c61bc1a1d85062304010e71532cddb5cb0c4dd69f975a5de578
E:\VoiceDeepfakeAI\voice_deepfake_dataset\train\fake\english\en_nisha_77053eaccf.wav,fake,english,en_nisha,BH-Builds/indic-audio,voice_clone,Fish Audio S2 Pro (voice-cloned from ElevenLabs reference),train,4.598,16000,147166,77053eaccf8070913b45098141e8604dd019db30fa797db10c14e8c2bbcfcfc6
E:\VoiceDeepfakeAI\voice_deepfake_dataset\train\fake\english\en_nisha_3f96976823.wav,fake,english,en_nisha,BH-Builds/indic-audio,voice_clone,Fish Audio S2 Pro (voice-cloned from ElevenLabs reference),train,3.901,16000,124876,3f96976823a60c98b382a835fc7dd5b4050f4d5e3046347fc09a5eb7f5f6f613
E:\VoiceDeepfakeAI\voice_deepfake_dataset\train\fake\english\en_nisha_5ce6629dba.wav,fake,english,en_nisha,BH-Builds/indic-audio,voice_clone,Fish Audio S2 Pro (voice-cloned from ElevenLabs reference),train,2.647,16000,84752,5ce6629dba425ecf1e816fc3878e5afd834fa3a53885f1feae949dd3047f5b16
E:\VoiceDeepfakeAI\voice_deepfake_dataset\train\fake\english\en_nisha_7a726a6bc1.wav,fake,english,en_nisha,BH-Builds/indic-audio,voice_clone,Fish Audio S2 Pro (voice-cloned from ElevenLabs reference),train,3.483,16000,111500,7a726a6bc11ecdd29c6f64a6a660afd55d890fe7e0211ddb143079cebdbf7aea
E:\VoiceDeepfakeAI\voice_deepfake_dataset\train\fake\english\en_nisha_8d157c5c0f.wav,fake,english,en_nisha,BH-Builds/indic-audio,voice_clone,Fish Audio S2 Pro (voice-cloned from ElevenLabs reference),train,2.415,16000,77322,8d157c5c0fac62f3bb9d08ad2e4d01db5caf0ae3b5bab077cf1f973a6ad1f8af
E:\VoiceDeepfakeAI\voice_deepfake_dataset\train\fake\english\en_nisha_022fa6408a.wav,fake,english,en_nisha,BH-Builds/indic-audio,voice_clone,Fish Audio S2 Pro (voice-cloned from ElevenLabs reference),train,3.158,16000,101098,022fa6408a8910efabfb1299de78bcea3e45d3e9b42434d63dff97b8d0ad3f46
E:\VoiceDeepfakeAI\voice_deepfake_dataset\train\fake\english\en_nisha_72694cec66.wav,fake,english,en_nisha,BH-Builds/indic-audio,voice_clone,Fish Audio S2 Pro (voice-cloned from ElevenLabs reference),train,5.573,16000,178374,72694cec66bcabf783e2a1b84267c6e1aa4d290ab14b8725c5ef8b09af7ea4aa
E:\VoiceDeepfakeAI\voice_deepfake_dataset\train\fake\english\en_nisha_828342221b.wav,fake,english,en_nisha,BH-Builds/indic-audio,voice_clone,Fish Audio S2 Pro (voice-cloned from ElevenLabs reference),train,5.712,16000,182832,828342221b5aec4d11ea21424ae39d0a86ba9dadfda9cbdefc9466229319a2b7
E:\VoiceDeepfakeAI\voice_deepfake_dataset\train\fake\english\en_nisha_65619b8469.wav,fake,english,en_nisha,BH-Builds/indic-audio,voice_clone,Fish Audio S2 Pro (voice-cloned from ElevenLabs reference),train,3.019,16000,96640,65619b8469ee79cb343c184c738ff401bfe92757e9ec7251e3d6c2b95f853551
E:\VoiceDeepfakeAI\voice_deepfake_dataset\train\fake\english\en_nisha_dd205afb03.wav,fake,english,en_nisha,BH-Builds/indic-audio,voice_clone,Fish Audio S2 Pro (voice-cloned from ElevenLabs reference),train,2.601,16000,83266,dd205afb03ceb531df29c396d176fa07017c3b09612cf72c12d12384c44cfe81
E:\VoiceDeepfakeAI\voice_deepfake_dataset\train\fake\english\en_aman_b3766dc7bc.wav,fake,english,en_aman,BH-Builds/indic-audio,voice_clone,Fish Audio S2 Pro (voice-cloned from ElevenLabs reference),train,2.461,16000,78808,b3766dc7bc420a635c2f73a9b8ea62e883501b479a51c0790feae9785f4a3e48
E:\VoiceDeepfakeAI\voice_deepfake_dataset\train\fake\english\en_aman_81fb010bfa.wav,fake,english,en_aman,BH-Builds/indic-audio,voice_clone,Fish Audio S2 Pro (voice-cloned from ElevenLabs reference),train,3.39,16000,108528,81fb010bfa920aa5dc0669a82238466976fd1fe0aac180c308f4d584e31a71b3
E:\VoiceDeepfakeAI\voice_deepfake_dataset\train\fake\english\en_aman_45aef1b233.wav,fake,english,en_aman,BH-Builds/indic-audio,voice_clone,Fish Audio S2 Pro (voice-cloned from ElevenLabs reference),train,2.461,16000,78808,45aef1b233cd7eba42c1cf6b07e32d9a49a28dc7ff8cf98eaf8e1905e36007b1
E:\VoiceDeepfakeAI\voice_deepfake_dataset\train\fake\english\en_aman_1b80cf26ba.wav,fake,english,en_aman,BH-Builds/indic-audio,voice_clone,Fish Audio S2 Pro (voice-cloned from ElevenLabs reference),train,3.529,16000,112986,1b80cf26bac1137b836b40d8955e6051ab983fc732c57db7806eb4c2400e757d
E:\VoiceDeepfakeAI\voice_deepfake_dataset\train\fake\english\en_aman_2e485eaa1d.wav,fake,english,en_aman,BH-Builds/indic-audio,voice_clone,Fish Audio S2 Pro (voice-cloned from ElevenLabs reference),train,1.765,16000,56516,2e485eaa1da13bb49676e54f826f556dcca3260be89db484daf7750ac2b90f16
E:\VoiceDeepfakeAI\voice_deepfake_dataset\train\fake\english\en_aman_eb240a6cb5.wav,fake,english,en_aman,BH-Builds/indic-audio,voice_clone,Fish Audio S2 Pro (voice-cloned from ElevenLabs reference),train,3.483,16000,111500,eb240a6cb571674880e5c045622fcbe9c91a333184ec34e68b8c507e6e11772d
E:\VoiceDeepfakeAI\voice_deepfake_dataset\train\fake\english\en_aman_41431143e7.wav,fake,english,en_aman,BH-Builds/indic-audio,voice_clone,Fish Audio S2 Pro (voice-cloned from ElevenLabs reference),train,2.136,16000,68404,41431143e7c9339c6877377b89d1a1e0497507cc22d5efa5991bb1760f7aeb72
E:\VoiceDeepfakeAI\voice_deepfake_dataset\train\fake\english\en_aman_6cca7e63e6.wav,fake,english,en_aman,BH-Builds/indic-audio,voice_clone,Fish Audio S2 Pro (voice-cloned from ElevenLabs reference),train,3.855,16000,123390,6cca7e63e67710552d3f8856f5d65c7641fe6318fc9c5544027a12389ecacfcd
E:\VoiceDeepfakeAI\voice_deepfake_dataset\train\fake\english\en_aman_a0463690a5.wav,fake,english,en_aman,BH-Builds/indic-audio,voice_clone,Fish Audio S2 Pro (voice-cloned from ElevenLabs reference),train,2.926,16000,93668,a0463690a5d6cf57949d5aeb3a50b45060f5c04419a2769b22ec73c443ed95c0
E:\VoiceDeepfakeAI\voice_deepfake_dataset\train\fake\english\en_aman_e54b068aaf.wav,fake,english,en_aman,BH-Builds/indic-audio,voice_clone,Fish Audio S2 Pro (voice-cloned from ElevenLabs reference),train,4.505,16000,144194,e54b068aaf6e5147e11799900749dd0e70659420b1f452c6e2c837c69c29e370
E:\VoiceDeepfakeAI\voice_deepfake_dataset\train\fake\english\en_aman_68d5bd89e3.wav,fake,english,en_aman,BH-Builds/indic-audio,voice_clone,Fish Audio S2 Pro (voice-cloned from ElevenLabs reference),train,2.09,16000,66918,68d5bd89e37f1caed1081c7a44ed4cbd31a919a089350536627441e139409303
E:\VoiceDeepfakeAI\voice_deepfake_dataset\train\fake\english\en_aman_2b35ec1a2c.wav,fake,english,en_aman,BH-Builds/indic-audio,voice_clone,Fish Audio S2 Pro (voice-cloned from ElevenLabs reference),train,2.276,16000,72862,2b35ec1a2cb63dc653e82a947f864743828a075ff76d94551bbc3ecaf71e9d8a
E:\VoiceDeepfakeAI\voice_deepfake_dataset\train\fake\english\en_aman_7e954b09b3.wav,fake,english,en_aman,BH-Builds/indic-audio,voice_clone,Fish Audio S2 Pro (voice-cloned from ElevenLabs reference),train,2.276,16000,72862,7e954b09b3fa412288da71c911e1981799088ba0c9948ae978b8a95aeb8340ab
E:\VoiceDeepfakeAI\voice_deepfake_dataset\train\fake\english\en_aman_965fb55587.wav,fake,english,en_aman,BH-Builds/indic-audio,voice_clone,Fish Audio S2 Pro (voice-cloned from ElevenLabs reference),train,3.715,16000,118932,965fb55587eaa7bdb666210379fbf0b0c06d6e6be40c9161a513d353d081c6fd
E:\VoiceDeepfakeAI\voice_deepfake_dataset\train\fake\english\en_aman_b60ad7c351.wav,fake,english,en_aman,BH-Builds/indic-audio,voice_clone,Fish Audio S2 Pro (voice-cloned from ElevenLabs reference),train,3.111,16000,99612,b60ad7c351d986babe32399117a48b7397546c6fd2da3f6f6afe3415445337e1
E:\VoiceDeepfakeAI\voice_deepfake_dataset\train\fake\english\en_aman_332d72d80d.wav,fake,english,en_aman,BH-Builds/indic-audio,voice_clone,Fish Audio S2 Pro (voice-cloned from ElevenLabs reference),train,4.458,16000,142708,332d72d80d00fa8bf13de580f3e96139e2a26b7cdc615b6505eb57fcfc9364e1
E:\VoiceDeepfakeAI\voice_deepfake_dataset\train\fake\english\en_aman_da44b32b54.wav,fake,english,en_aman,BH-Builds/indic-audio,voice_clone,Fish Audio S2 Pro (voice-cloned from ElevenLabs reference),train,2.415,16000,77322,da44b32b54086e6ea04c53b0f14297a94756ea004ac9ca2afa69fc571d241b0c
E:\VoiceDeepfakeAI\voice_deepfake_dataset\train\fake\english\en_aman_3c3402b5b4.wav,fake,english,en_aman,BH-Builds/indic-audio,voice_clone,Fish Audio S2 Pro (voice-cloned from ElevenLabs reference),train,2.461,16000,78808,3c3402b5b4345d575ec87a1db1b70f0033d9d49c63bce4cbeec863118b1fd4af
E:\VoiceDeepfakeAI\voice_deepfake_dataset\train\fake\hinglish\hing_ravi_d67408014e.wav,fake,hinglish,hing_ravi,BH-Builds/indic-audio,voice_clone,Fish Audio S2 Pro (voice-cloned from ElevenLabs reference),train,2.183,16000,69892,d67408014ec33fd3c33165d5e95eef2a9239d279e4f8084fbaab1bac8ade8396
E:\VoiceDeepfakeAI\voice_deepfake_dataset\train\fake\hinglish\hing_ravi_692ebc4fbc.wav,fake,hinglish,hing_ravi,BH-Builds/indic-audio,voice_clone,Fish Audio S2 Pro (voice-cloned from ElevenLabs reference),train,1.486,16000,47600,692ebc4fbc1e21368666f67a22386519794678d4e139acb4bac1717d26728d78
E:\VoiceDeepfakeAI\voice_deepfake_dataset\train\fake\hinglish\hing_ravi_b1d1db4e4d.wav,fake,hinglish,hing_ravi,BH-Builds/indic-audio,voice_clone,Fish Audio S2 Pro (voice-cloned from ElevenLabs reference),train,2.183,16000,69892,b1d1db4e4ddcfa4655089db08ddeedd8c2fb9e45ac1a1d64e1b10a14db74942d
E:\VoiceDeepfakeAI\voice_deepfake_dataset\train\fake\hinglish\hing_ravi_dd7fd97fb5.wav,fake,hinglish,hing_ravi,BH-Builds/indic-audio,voice_clone,Fish Audio S2 Pro (voice-cloned from ElevenLabs reference),train,1.533,16000,49086,dd7fd97fb5eab4c357dc1cb6c082f631692082fad062c3d6b5046358778b8c56
E:\VoiceDeepfakeAI\voice_deepfake_dataset\train\real\hinglish\real_hing_Devesh Koshta_93c2c1b9fa.wav,real,hinglish,real_hing_Devesh Koshta,HumynLabs/airline-customersupport-Hinglish-audio,none,human,train,10.397,16000,332740,93c2c1b9faacdb62607534d8d236525a2a22d562502ac04b46d213056114c0c8
E:\VoiceDeepfakeAI\voice_deepfake_dataset\train\real\hinglish\real_hing_Devesh Koshta_21cc6e3448.wav,real,hinglish,real_hing_Devesh Koshta,HumynLabs/e-commerce-customersupport-hinglish-audio,none,human,train,11.18,16000,357818,21cc6e34481dc2a376382ae4f2eeea565147453762868a249d17dbb612f2644f
E:\VoiceDeepfakeAI\voice_deepfake_dataset\train\real\hinglish\real_hing_Moklasur Rahman_18fe6f5d1d.wav,real,hinglish,real_hing_Moklasur Rahman,HumynLabs/airline-customersupport-Hinglish-audio,none,human,train,10.278,16000,328936,18fe6f5d1d5367a3be32ad50516209955caac3674fcd1d75f629184e655d7db4
E:\VoiceDeepfakeAI\voice_deepfake_dataset\train\real\hinglish\real_hing_Moklasur Rahman_1ba709deed.wav,real,hinglish,real_hing_Moklasur Rahman,HumynLabs/airline-customersupport-Hinglish-audio,none,human,train,10.318,16000,330216,1ba709deed79fae5704a18c43ce9a755764c09b0d6a4eaace9eebac133b66c82
E:\VoiceDeepfakeAI\voice_deepfake_dataset\train\real\english\libri_spk_4_18c17f108c.wav,real,english,libri_spk_4,DynamicSuperb/LibriSpeech-TestClean,none,human,train,20.055,16000,641804,18c17f108c9d62353c6b0bf6a880f5e24e041514af5b60fb9f844344f20a8111
E:\VoiceDeepfakeAI\voice_deepfake_dataset\train\real\english\libri_spk_4_c1c07086a6.wav,real,english,libri_spk_4,DynamicSuperb/LibriSpeech-TestClean,none,human,train,3.88,16000,124204,c1c07086a64b9dc0bf041998cad88c4e67b4cbe773563f47336cc6462a549489
E:\VoiceDeepfakeAI\voice_deepfake_dataset\train\real\english\libri_spk_4_2472ad3140.wav,real,english,libri_spk_4,DynamicSuperb/LibriSpeech-TestClean,none,human,train,7.965,16000,254924,2472ad31404173c83f721ee4479bb2e6ca1e3399acc4a223c32d33f5905146a3
E:\VoiceDeepfakeAI\voice_deepfake_dataset\train\real\english\libri_spk_4_f0cff15061.wav,real,english,libri_spk_4,DynamicSuperb/LibriSpeech-TestClean,none,human,train,4.545,16000,145484,f0cff150610418501122fbe96244bc07cc2fcf67d730e79b8a9dc56d37a47b62
E:\VoiceDeepfakeAI\voice_deepfake_dataset\train\real\english\libri_spk_4_88510cce27.wav,real,english,libri_spk_4,DynamicSuperb/LibriSpeech-TestClean,none,human,train,4.295,16000,137484,88510cce271fa233a58993c8af7aa74b6d5ed1b49fc0eaa68a442f38c745417d
E:\VoiceDeepfakeAI\voice_deepfake_dataset\train\real\english\libri_spk_4_aa7baa2b58.wav,real,english,libri_spk_4,DynamicSuperb/LibriSpeech-TestClean,none,human,train,7.65,16000,244844,aa7baa2b585cc71c2b9ae0b18085dac16690dbd327a1457b73e969e7671d1308
E:\VoiceDeepfakeAI\voice_deepfake_dataset\train\real\english\libri_spk_4_4dc15e5d11.wav,real,english,libri_spk_4,DynamicSuperb/LibriSpeech-TestClean,none,human,train,4.82,16000,154284,4dc15e5d111dc877cdef00d20d51ad9045cb0a01704da7f82c62857035f7b7fb
E:\VoiceDeepfakeAI\voice_deepfake_dataset\train\real\english\libri_spk_4_3df69bcdd3.wav,real,english,libri_spk_4,DynamicSuperb/LibriSpeech-TestClean,none,human,train,4.315,16000,138124,3df69bcdd3a6690d746700dd8e2af7c6db4c7eb426064ec289051bc1029ac605
E:\VoiceDeepfakeAI\voice_deepfake_dataset\train\real\english\libri_spk_4_0b5c5e646a.wav,real,english,libri_spk_4,DynamicSuperb/LibriSpeech-TestClean,none,human,train,12.895,16000,412684,0b5c5e646acb43249b3acf7e492b93c4b022365dcb9f96917bfe6c91c868a701
E:\VoiceDeepfakeAI\voice_deepfake_dataset\train\real\hinglish\real_hing_harsh_3d980fd4ff.wav,real,hinglish,real_hing_harsh,HumynLabs/banking-customersupport-hinglish-audio,none,human,train,8.858,16000,283496,3d980fd4ffdc5c032aec34b60ff3755cd77e095c2933e57733e43648d35a61cd
E:\VoiceDeepfakeAI\voice_deepfake_dataset\train\real\hinglish\real_hing_harsh_06110bee77.wav,real,hinglish,real_hing_harsh,HumynLabs/airline-customersupport-Hinglish-audio,none,human,train,8.638,16000,276456,06110bee7792a1a0e99aee5229224d949b0b45fa20c8d98b865bacf4e48cbafd
E:\VoiceDeepfakeAI\voice_deepfake_dataset\train\real\english\libri_spk_0_6bc58a4efd.wav,real,english,libri_spk_0,DynamicSuperb/LibriSpeech-TestClean,none,human,train,6.625,16000,212044,6bc58a4efdf20daac252b6b1502632601a71efe0308f6757dc1eda34891a7e4f
E:\VoiceDeepfakeAI\voice_deepfake_dataset\train\real\english\libri_spk_0_7e62dd5fab.wav,real,english,libri_spk_0,DynamicSuperb/LibriSpeech-TestClean,none,human,train,5.115,16000,163724,7e62dd5fabf2fa365b64e1445efab7ce01d0eac4025e7ebe45e88b5415c9d603
E:\VoiceDeepfakeAI\voice_deepfake_dataset\train\real\english\libri_spk_0_06c7526bfd.wav,real,english,libri_spk_0,DynamicSuperb/LibriSpeech-TestClean,none,human,train,5.25,16000,168044,06c7526bfde07f4249c071133dd73e234ca2f9de8f599d6fed12810c2674e210
E:\VoiceDeepfakeAI\voice_deepfake_dataset\train\real\english\libri_spk_0_db60033be6.wav,real,english,libri_spk_0,DynamicSuperb/LibriSpeech-TestClean,none,human,train,2.39,16000,76524,db60033be6e3db63016f21b77065d30a763cd623d070ebf0b14ac1f27154da7a
E:\VoiceDeepfakeAI\voice_deepfake_dataset\train\real\english\libri_spk_0_98d5183084.wav,real,english,libri_spk_0,DynamicSuperb/LibriSpeech-TestClean,none,human,train,12.085,16000,386764,98d5183084b11bf9387473f5c7187357d5d537ce93ae66d6464dbf4808f4e1a3
E:\VoiceDeepfakeAI\voice_deepfake_dataset\train\real\english\libri_spk_0_ad264221fd.wav,real,english,libri_spk_0,DynamicSuperb/LibriSpeech-TestClean,none,human,train,11.425,16000,365644,ad264221fdf1af1d35c3c02103f06a09a7e6ab2631746cdfafbe2baeaebe2774
E:\VoiceDeepfakeAI\voice_deepfake_dataset\train\real\english\libri_spk_0_c956652952.wav,real,english,libri_spk_0,DynamicSuperb/LibriSpeech-TestClean,none,human,train,9.8,16000,313644,c95665295201e6ee01795ec6091c41050df06f875eeebe47bef0576123b7356c
E:\VoiceDeepfakeAI\voice_deepfake_dataset\train\real\english\libri_spk_0_cf39134bcc.wav,real,english,libri_spk_0,DynamicSuperb/LibriSpeech-TestClean,none,human,train,2.615,16000,83724,cf39134bccb4bda8998d2043384b457bbac8b07c79b4218f4f5828b57f1d04f0
E:\VoiceDeepfakeAI\voice_deepfake_dataset\train\real\english\libri_spk_0_037fc130be.wav,real,english,libri_spk_0,DynamicSuperb/LibriSpeech-TestClean,none,human,train,4.02,16000,128684,037fc130be391f53db3dc0c8e5c06b02e32d8fecef40b7f6f862bccb176c51f1
E:\VoiceDeepfakeAI\voice_deepfake_dataset\train\real\english\libri_spk_0_dec4cc5510.wav,real,english,libri_spk_0,DynamicSuperb/LibriSpeech-TestClean,none,human,train,16.4,16000,524844,dec4cc5510655d94391381ea2741442ac75759226bae802c51c8cdd5b5883b68
E:\VoiceDeepfakeAI\voice_deepfake_dataset\train\real\english\asv_spk_1_0858419a1e.wav,real,english,asv_spk_1,DynamicSuperb/SpoofDetection_ASVspoof2017,none,human,train,3.917,16000,125404,0858419a1ed5f1bf489d597e0a2e40d64842f528b8fe05c3954437d6c81b2b7b
E:\VoiceDeepfakeAI\voice_deepfake_dataset\train\real\english\asv_spk_1_d00d188e68.wav,real,english,asv_spk_1,DynamicSuperb/SpoofDetection_ASVspoof2017,none,human,train,3.309,16000,105948,d00d188e68f58107a593c9f03e6f56add8164fe3f036d6cab2707532514ecee5
E:\VoiceDeepfakeAI\voice_deepfake_dataset\train\real\hinglish\real_hing_Sushovan Das_3546bb40ba.wav,real,hinglish,real_hing_Sushovan Das,HumynLabs/banking-customersupport-hinglish-audio,none,human,train,9.024,16000,288812,3546bb40ba61c89c0e499c07c0332396b4b6a342785218b4e7acf98f78be6839
E:\VoiceDeepfakeAI\voice_deepfake_dataset\train\real\hinglish\real_hing_Sushovan Das_e2ceb64858.wav,real,hinglish,real_hing_Sushovan Das,HumynLabs/airline-customersupport-Hinglish-audio,none,human,train,9.813,16000,314072,e2ceb64858960f0ff3ee3cf5eb8944961b69ddeea66488ec79a41ead41398f2c
E:\VoiceDeepfakeAI\voice_deepfake_dataset\train\real\hinglish\real_hing_Sushovan Das_20cc83a9e4.wav,real,hinglish,real_hing_Sushovan Das,HumynLabs/e-commerce-customersupport-hinglish-audio,none,human,train,11.392,16000,364588,20cc83a9e405a7c26339de629180ff3819b37cec07ca5da55dc70c10bf6f6ef9
E:\VoiceDeepfakeAI\voice_deepfake_dataset\train\real\hinglish\real_hing_Aabir Bose_629e2f2538.wav,real,hinglish,real_hing_Aabir Bose,HumynLabs/e-commerce-customersupport-hinglish-audio,none,human,train,11.331,16000,362648,629e2f2538dccf43744a4baaead92132e33f29cb54416fc1d82e25b96ed62f99
E:\VoiceDeepfakeAI\voice_deepfake_dataset\train\real\hindi\hi_reader_4_81618636f9.wav,real,hindi,hi_reader_4,Sudhu2004/Bible_Hindi_Audio_Dataset,none,human,train,5.0,16000,160044,81618636f92c33fc314a3bfb4509654f39bc63b3fbf117ea604944fe444f4384
E:\VoiceDeepfakeAI\voice_deepfake_dataset\train\real\hindi\hi_reader_4_37951cd8d2.wav,real,hindi,hi_reader_4,Sudhu2004/Bible_Hindi_Audio_Dataset,none,human,train,5.0,16000,160044,37951cd8d2abe4e97ec4586ef53971b51ec802916eee7bf7779b90926da337eb
E:\VoiceDeepfakeAI\voice_deepfake_dataset\train\real\hindi\hi_reader_4_bf5d7e2b1a.wav,real,hindi,hi_reader_4,Sudhu2004/Bible_Hindi_Audio_Dataset,none,human,train,5.0,16000,160044,bf5d7e2b1a50d23efd690aa0dd14229affc88f4fddf4a7c8b7410b87cd25f52b
E:\VoiceDeepfakeAI\voice_deepfake_dataset\train\real\hindi\hi_reader_4_4d40ba2529.wav,real,hindi,hi_reader_4,Sudhu2004/Bible_Hindi_Audio_Dataset,none,human,train,5.0,16000,160044,4d40ba2529d8aec0ef2d9b7cf4132474ab60f273d32a7af28de665cb1a670202
E:\VoiceDeepfakeAI\voice_deepfake_dataset\train\real\hindi\hi_reader_4_a2c386835c.wav,real,hindi,hi_reader_4,Sudhu2004/Bible_Hindi_Audio_Dataset,none,human,train,5.0,16000,160044,a2c386835c6aa635f67de6d5be26a8b84ba6ba4e3094fd6d851e02b6f13afda4
E:\VoiceDeepfakeAI\voice_deepfake_dataset\train\real\hindi\hi_reader_4_0a2ddb9536.wav,real,hindi,hi_reader_4,Sudhu2004/Bible_Hindi_Audio_Dataset,none,human,train,5.0,16000,160044,0a2ddb9536c6857c0f19f944f413502a451d7c2458f674e2458522f939634fe4
E:\VoiceDeepfakeAI\voice_deepfake_dataset\train\real\hindi\hi_reader_4_0d1d5d2569.wav,real,hindi,hi_reader_4,Sudhu2004/Bible_Hindi_Audio_Dataset,none,human,train,5.0,16000,160044,0d1d5d25692574d43db22723ac91cf7a6768e678028b132a0e145b455075e1a0
E:\VoiceDeepfakeAI\voice_deepfake_dataset\train\real\hindi\hi_reader_4_6fd00ad22a.wav,real,hindi,hi_reader_4,Sudhu2004/Bible_Hindi_Audio_Dataset,none,human,train,5.0,16000,160044,6fd00ad22a519ce573aa200f5bc90403b49ca1f407cc31543958be2a7d5b936e
E:\VoiceDeepfakeAI\voice_deepfake_dataset\train\real\hindi\hi_reader_4_8d19603949.wav,real,hindi,hi_reader_4,Sudhu2004/Bible_Hindi_Audio_Dataset,none,human,train,5.0,16000,160044,8d1960394943f22fe70a4ff6cebffc4b8f570dcafd1806f8a3165cfb111b68a7
E:\VoiceDeepfakeAI\voice_deepfake_dataset\train\real\hindi\hi_reader_4_5f5cce7038.wav,real,hindi,hi_reader_4,Sudhu2004/Bible_Hindi_Audio_Dataset,none,human,train,5.0,16000,160044,5f5cce703856ef31aa3869a50acd86ebc494a97b68613fc02eebb2561acdc2e1
E:\VoiceDeepfakeAI\voice_deepfake_dataset\train\real\hindi\hi_reader_4_3147d538bc.wav,real,hindi,hi_reader_4,Sudhu2004/Bible_Hindi_Audio_Dataset,none,human,train,5.0,16000,160044,3147d538bc46297094f974c80597850a78fbd1bfcfb40d63da3a19ed63c8f5b6
E:\VoiceDeepfakeAI\voice_deepfake_dataset\train\real\hindi\hi_reader_4_ddffa94c8b.wav,real,hindi,hi_reader_4,Sudhu2004/Bible_Hindi_Audio_Dataset,none,human,train,5.0,16000,160044,ddffa94c8bdae1eddc720971232801106df478fd7f8319fa879247f87308a443
E:\VoiceDeepfakeAI\voice_deepfake_dataset\train\real\english\libri_spk_6_98a02767ba.wav,real,english,libri_spk_6,DynamicSuperb/LibriSpeech-TestClean,none,human,train,9.63,16000,308204,98a02767ba846058b18638ab51b3bae9195df74c547778a9860f927913a66eef
E:\VoiceDeepfakeAI\voice_deepfake_dataset\train\real\english\libri_spk_6_27e4cf2998.wav,real,english,libri_spk_6,DynamicSuperb/LibriSpeech-TestClean,none,human,train,7.835,16000,250764,27e4cf2998ad8b13279721d2d5e21c6a2f9c232b4882a75f7857f760a6899453
E:\VoiceDeepfakeAI\voice_deepfake_dataset\train\real\english\libri_spk_6_2a77f9a32d.wav,real,english,libri_spk_6,DynamicSuperb/LibriSpeech-TestClean,none,human,train,3.665,16000,117324,2a77f9a32da09312848d62715d0fa381ab3a59944e7da5513e36b3aa99e28051
E:\VoiceDeepfakeAI\voice_deepfake_dataset\train\real\english\libri_spk_6_0e8201d7ed.wav,real,english,libri_spk_6,DynamicSuperb/LibriSpeech-TestClean,none,human,train,4.665,16000,149324,0e8201d7eda9b16aa997c02092d38f00cdcb57c16c2e22b01627e35e999c2c08
E:\VoiceDeepfakeAI\voice_deepfake_dataset\train\real\english\libri_spk_6_0bdb2090b1.wav,real,english,libri_spk_6,DynamicSuperb/LibriSpeech-TestClean,none,human,train,8.995,16000,287884,0bdb2090b18852db3131c00bbaafdb4c86bfaed0d953afb027f1a43843cf08a3
E:\VoiceDeepfakeAI\voice_deepfake_dataset\train\real\english\libri_spk_6_ee57142a1c.wav,real,english,libri_spk_6,DynamicSuperb/LibriSpeech-TestClean,none,human,train,4.985,16000,159564,ee57142a1ced87a9f23061ca742cdea0f8c57205ab9195ce1c6b1fcd66d9f07b
E:\VoiceDeepfakeAI\voice_deepfake_dataset\train\real\english\libri_spk_6_534db353e7.wav,real,english,libri_spk_6,DynamicSuperb/LibriSpeech-TestClean,none,human,train,3.02,16000,96684,534db353e7acf26bed09e17b12be4ddb05769a4d738818cf54ecb2917ce83487
E:\VoiceDeepfakeAI\voice_deepfake_dataset\train\real\english\libri_spk_6_3aaaa6f178.wav,real,english,libri_spk_6,DynamicSuperb/LibriSpeech-TestClean,none,human,train,2.11,16000,67564,3aaaa6f178963027dc28970b68f2522dfa9db90cdce8f04086f1fb1172b87cb0
E:\VoiceDeepfakeAI\voice_deepfake_dataset\train\real\hindi\hi_reader_8_627bda6207.wav,real,hindi,hi_reader_8,Sudhu2004/Bible_Hindi_Audio_Dataset,none,human,train,5.0,16000,160044,627bda62079c086ad0be7026b4404b5dc36aa0bb9fe10ae27e28c721f5d0dea8
E:\VoiceDeepfakeAI\voice_deepfake_dataset\train\real\hindi\hi_reader_8_e57f4f9eb4.wav,real,hindi,hi_reader_8,Sudhu2004/Bible_Hindi_Audio_Dataset,none,human,train,5.0,16000,160044,e57f4f9eb4bf9fd27a70f118dc263b4c8a1cef37f9ca5a7f504cefe07b923764
E:\VoiceDeepfakeAI\voice_deepfake_dataset\train\real\hindi\hi_reader_8_2cf5f2587a.wav,real,hindi,hi_reader_8,Sudhu2004/Bible_Hindi_Audio_Dataset,none,human,train,5.0,16000,160044,2cf5f2587a1dd9613fb8ba0581716bdbcdcde570e9f0bdf8408064d344e0baf3
E:\VoiceDeepfakeAI\voice_deepfake_dataset\train\real\hindi\hi_reader_8_2cae901711.wav,real,hindi,hi_reader_8,Sudhu2004/Bible_Hindi_Audio_Dataset,none,human,train,5.0,16000,160044,2cae901711b310d01655c94c4ae2d824c3769e532c0cab8c8125454a5956b5ed
E:\VoiceDeepfakeAI\voice_deepfake_dataset\train\real\hindi\hi_reader_8_116c0db0f2.wav,real,hindi,hi_reader_8,Sudhu2004/Bible_Hindi_Audio_Dataset,none,human,train,5.0,16000,160044,116c0db0f249577f0ccf51a3af64f753927b0fe44e2ac9b0805f92b72c407109
E:\VoiceDeepfakeAI\voice_deepfake_dataset\train\real\hindi\hi_reader_8_bebce1e1bb.wav,real,hindi,hi_reader_8,Sudhu2004/Bible_Hindi_Audio_Dataset,none,human,train,5.0,16000,160044,bebce1e1bb29411d028d32183024e6557a456da8e03a6f0f9ce00bcb97421d03
E:\VoiceDeepfakeAI\voice_deepfake_dataset\train\real\hindi\hi_reader_8_3c8dd01d10.wav,real,hindi,hi_reader_8,Sudhu2004/Bible_Hindi_Audio_Dataset,none,human,train,5.0,16000,160044,3c8dd01d10c662c854cb65426beebad52cfe9808318af723a1a69d890ac2c155
E:\VoiceDeepfakeAI\voice_deepfake_dataset\train\real\hindi\hi_reader_8_46502fb266.wav,real,hindi,hi_reader_8,Sudhu2004/Bible_Hindi_Audio_Dataset,none,human,train,5.0,16000,160044,46502fb26624d2c283170fd6768904dc2a61c3ca0c5b63aa1a478ddd94fc29e4
E:\VoiceDeepfakeAI\voice_deepfake_dataset\train\real\hindi\hi_reader_8_ed6f1ab46d.wav,real,hindi,hi_reader_8,Sudhu2004/Bible_Hindi_Audio_Dataset,none,human,train,5.0,16000,160044,ed6f1ab46d5bba6a9a5218d8caefb946aaf8771392c7d90a15ead886921af7ab
E:\VoiceDeepfakeAI\voice_deepfake_dataset\train\real\hindi\hi_reader_8_ed45cb402f.wav,real,hindi,hi_reader_8,Sudhu2004/Bible_Hindi_Audio_Dataset,none,human,train,5.0,16000,160044,ed45cb402fa038de844bbc830685378f59c05e7582cd1f8c334962387c998ea3
E:\VoiceDeepfakeAI\voice_deepfake_dataset\train\real\hindi\hi_reader_8_8b0cf2c265.wav,real,hindi,hi_reader_8,Sudhu2004/Bible_Hindi_Audio_Dataset,none,human,train,5.0,16000,160044,8b0cf2c265b891460083722b8a5c36c5147d76e28378e3dee04ec588f84b5bda
E:\VoiceDeepfakeAI\voice_deepfake_dataset\train\real\hindi\hi_reader_8_4310e40c9d.wav,real,hindi,hi_reader_8,Sudhu2004/Bible_Hindi_Audio_Dataset,none,human,train,5.0,16000,160044,4310e40c9d2c5886e7b29f3c70d93224e953d8f8ef952f006d2d1494a9bcc39f
E:\VoiceDeepfakeAI\voice_deepfake_dataset\train\real\hinglish\real_hing_Anshul Laddha (1)_461d8a598c.wav,real,hinglish,real_hing_Anshul Laddha (1),HumynLabs/airline-customersupport-Hinglish-audio,none,human,train,12.949,16000,414424,461d8a598c3dea59b75e6857d19461eef05b13fa4e8fb98ca8a3b77e53ac7b90
E:\VoiceDeepfakeAI\voice_deepfake_dataset\train\real\hinglish\real_hing_Saket Kumar_0e62a98fe2.wav,real,hinglish,real_hing_Saket Kumar,HumynLabs/banking-customersupport-hinglish-audio,none,human,train,8.747,16000,279938,0e62a98fe29574797d414fe79c0aa257f9f52b5ad0f29e8794151821c9f605b2
E:\VoiceDeepfakeAI\voice_deepfake_dataset\train\real\english\asv_spk_10_d0e9d8b404.wav,real,english,asv_spk_10,DynamicSuperb/SpoofDetection_ASVspoof2017,none,human,train,3.134,16000,100316,d0e9d8b4042bcf6f6d5714225553bf6e7cca7c0fcbb5dffe23f0546ce18a37fb
E:\VoiceDeepfakeAI\voice_deepfake_dataset\train\real\english\asv_spk_9_dfc048856f.wav,real,english,asv_spk_9,DynamicSuperb/SpoofDetection_ASVspoof2017,none,human,train,3.417,16000,109404,dfc048856f9789d96da6c445146907f0076b346f7b2deede82062f0394acd3e3
E:\VoiceDeepfakeAI\voice_deepfake_dataset\train\real\english\libri_spk_9_08ef76efd7.wav,real,english,libri_spk_9,DynamicSuperb/LibriSpeech-TestClean,none,human,train,2.49,16000,79724,08ef76efd7bf91e5ce14ae6f27334d672ef9e88f6c4a513f12a65c4b43d2ce68
E:\VoiceDeepfakeAI\voice_deepfake_dataset\train\real\english\libri_spk_9_da9890998c.wav,real,english,libri_spk_9,DynamicSuperb/LibriSpeech-TestClean,none,human,train,4.255,16000,136204,da9890998cf2f386f2939c91f54ae07f139e99f3c4bd2697ab3e2d674eda16d3
E:\VoiceDeepfakeAI\voice_deepfake_dataset\train\real\english\libri_spk_9_3b80ba8aef.wav,real,english,libri_spk_9,DynamicSuperb/LibriSpeech-TestClean,none,human,train,2.655,16000,85004,3b80ba8aefdeeaf7da3a67c1656cbd965cae02a5069f504713894123484758b9
E:\VoiceDeepfakeAI\voice_deepfake_dataset\train\real\english\libri_spk_9_7ccf7aee38.wav,real,english,libri_spk_9,DynamicSuperb/LibriSpeech-TestClean,none,human,train,8.13,16000,260204,7ccf7aee38703bb23bd6810bb33e71ef183e8fe9cd0057f355d13c1470fd57ef
E:\VoiceDeepfakeAI\voice_deepfake_dataset\train\real\english\libri_spk_9_1fdc406ed8.wav,real,english,libri_spk_9,DynamicSuperb/LibriSpeech-TestClean,none,human,train,3.03,16000,97004,1fdc406ed86a8f2fba5d3223f3a48677c4277e112a7cf699abd8729d84b8b49a
E:\VoiceDeepfakeAI\voice_deepfake_dataset\train\real\english\libri_spk_9_9ed726fffb.wav,real,english,libri_spk_9,DynamicSuperb/LibriSpeech-TestClean,none,human,train,2.16,16000,69164,9ed726fffb8b304be0c5d684dd10e4828543131bbe2f9ef9be1600e771ef8ba7
E:\VoiceDeepfakeAI\voice_deepfake_dataset\train\real\english\libri_spk_9_1d508c971c.wav,real,english,libri_spk_9,DynamicSuperb/LibriSpeech-TestClean,none,human,train,9.785,16000,313164,1d508c971c333a98a79109322a1b0c975d54b26de8d9fdc4873df6be5eb4ae78
E:\VoiceDeepfakeAI\voice_deepfake_dataset\train\real\english\libri_spk_9_0e4b3564f2.wav,real,english,libri_spk_9,DynamicSuperb/LibriSpeech-TestClean,none,human,train,3.045,16000,97484,0e4b3564f2af72c43b2fd6d82de997d7607ea480489fe10938f7eff5ca473b0f
E:\VoiceDeepfakeAI\voice_deepfake_dataset\train\real\english\libri_spk_9_a5c3526c90.wav,real,english,libri_spk_9,DynamicSuperb/LibriSpeech-TestClean,none,human,train,3.255,16000,104204,a5c3526c90b0e5cd31a7c36ba8173837f4dbbbf2f737d2129d4ad23644815299
E:\VoiceDeepfakeAI\voice_deepfake_dataset\train\real\english\asv_spk_2_9b27e34ce7.wav,real,english,asv_spk_2,DynamicSuperb/SpoofDetection_ASVspoof2017,none,human,train,3.877,16000,124124,9b27e34ce7ef04c8c4e8f98f43e6309ad2c0ea700c0beb526b4b42e980b9660d
E:\VoiceDeepfakeAI\voice_deepfake_dataset\train\real\english\asv_spk_2_7f961ec9e5.wav,real,english,asv_spk_2,DynamicSuperb/SpoofDetection_ASVspoof2017,none,human,train,3.442,16000,110172,7f961ec9e5f5cd262f02a86444316f4dcd750ec913f1ddc616acf671fcfd5c50
E:\VoiceDeepfakeAI\voice_deepfake_dataset\train\real\english\libri_spk_13_dd065f22b8.wav,real,english,libri_spk_13,DynamicSuperb/LibriSpeech-TestClean,none,human,train,24.85,16000,795244,dd065f22b8300c04c43323f15b52cc06a331c82f3933bed6179c3b4920f05c07
E:\VoiceDeepfakeAI\voice_deepfake_dataset\train\real\english\libri_spk_13_e4f2e12cc9.wav,real,english,libri_spk_13,DynamicSuperb/LibriSpeech-TestClean,none,human,train,3.845,16000,123086,e4f2e12cc97882492f26cb3c0efc83f24ff4b45a3e80b401a5addb9014ecd66e
E:\VoiceDeepfakeAI\voice_deepfake_dataset\train\real\english\libri_spk_13_a5d81a3573.wav,real,english,libri_spk_13,DynamicSuperb/LibriSpeech-TestClean,none,human,train,5.04,16000,161324,a5d81a35731ca500b8d632834fb5c4b7741a66c9d4159298e5a787f4edf58c90
E:\VoiceDeepfakeAI\voice_deepfake_dataset\train\real\english\libri_spk_13_cd49e33086.wav,real,english,libri_spk_13,DynamicSuperb/LibriSpeech-TestClean,none,human,train,15.785,16000,505164,cd49e33086534aed88a2b562065540f081b1dcc470137f5bbfd25c5a17074512
E:\VoiceDeepfakeAI\voice_deepfake_dataset\train\real\english\libri_spk_13_b28ea9ea84.wav,real,english,libri_spk_13,DynamicSuperb/LibriSpeech-TestClean,none,human,train,8.78,16000,281004,b28ea9ea849dae9b9464a2ad97ce6f5d46d0cdd38c3c8c1fc4f86222ab0b87ee
E:\VoiceDeepfakeAI\voice_deepfake_dataset\train\real\english\libri_spk_13_5752609054.wav,real,english,libri_spk_13,DynamicSuperb/LibriSpeech-TestClean,none,human,train,7.225,16000,231244,5752609054e9f0531ce27cbc2532d286998f7d46a3dc02d60ff98b428693ce81
E:\VoiceDeepfakeAI\voice_deepfake_dataset\train\real\english\libri_spk_13_fc7cbcfb27.wav,real,english,libri_spk_13,DynamicSuperb/LibriSpeech-TestClean,none,human,train,2.415,16000,77324,fc7cbcfb273b6a1ecc80567032ad7026495bc916c10c0e1f56c7222472c34921
E:\VoiceDeepfakeAI\voice_deepfake_dataset\train\real\english\libri_spk_13_4a9b3d6c43.wav,real,english,libri_spk_13,DynamicSuperb/LibriSpeech-TestClean,none,human,train,15.27,16000,488684,4a9b3d6c4374da3dc4fb5e183d22d48fb23b4559c266fc882d71ad665c642d87
E:\VoiceDeepfakeAI\voice_deepfake_dataset\train\real\english\libri_spk_13_a9800acae7.wav,real,english,libri_spk_13,DynamicSuperb/LibriSpeech-TestClean,none,human,train,3.28,16000,105004,a9800acae7b723f7d0a7cc86efeb29036f3c6ab3ab0aa080b728ae31e0dcb7b1
E:\VoiceDeepfakeAI\voice_deepfake_dataset\train\real\hinglish\real_hing_Asqiur Rahaman_7a8ce83a1a.wav,real,hinglish,real_hing_Asqiur Rahaman,HumynLabs/banking-customersupport-hinglish-audio,none,human,train,11.934,16000,381916,7a8ce83a1a022a5b54e732c2282467499874a30196455a00c8cc29d4bda59823
E:\VoiceDeepfakeAI\voice_deepfake_dataset\train\real\hinglish\real_hing_ULTROX_264a808d99.wav,real,hinglish,real_hing_ULTROX,HumynLabs/e-commerce-customersupport-hinglish-audio,none,human,train,10.261,16000,328408,264a808d992d6c8ce08429fdab617d0cb46cb7e2e78f9b05c892ebbbc1bca7e8
E:\VoiceDeepfakeAI\voice_deepfake_dataset\train\real\hinglish\real_hing_Ayush Singh_7566558054.wav,real,hinglish,real_hing_Ayush Singh,HumynLabs/banking-customersupport-hinglish-audio,none,human,train,11.256,16000,360236,7566558054bef79a896efa8ad0de7f44b05ad8f8390f6b76d5a0b0fc7e3573bf
E:\VoiceDeepfakeAI\voice_deepfake_dataset\train\real\english\libri_spk_1_b9bcc8295a.wav,real,english,libri_spk_1,DynamicSuperb/LibriSpeech-TestClean,none,human,train,7.915,16000,253324,b9bcc8295a919e7cb205cc7a4a84f0c35353fed6a289f67fe4a8c3c72724585e
E:\VoiceDeepfakeAI\voice_deepfake_dataset\train\real\english\libri_spk_1_481ea04dc0.wav,real,english,libri_spk_1,DynamicSuperb/LibriSpeech-TestClean,none,human,train,11.775,16000,376844,481ea04dc0b1513977d9ff201f9aba518d7536f7d4c2a560477b1b1bc5ef74f9
E:\VoiceDeepfakeAI\voice_deepfake_dataset\train\real\english\libri_spk_1_53196d2b3b.wav,real,english,libri_spk_1,DynamicSuperb/LibriSpeech-TestClean,none,human,train,2.445,16000,78284,53196d2b3b50539abd177ce2ac89a4d26260fa02de9561acbaf1278537f04050
E:\VoiceDeepfakeAI\voice_deepfake_dataset\train\real\english\libri_spk_1_3ca9deef86.wav,real,english,libri_spk_1,DynamicSuperb/LibriSpeech-TestClean,none,human,train,3.995,16000,127884,3ca9deef86be93170a6766b8e43b9abad33aa5570fdfaadfcf3eb9bd824c030c
E:\VoiceDeepfakeAI\voice_deepfake_dataset\train\real\english\libri_spk_1_c855b7ae6a.wav,real,english,libri_spk_1,DynamicSuperb/LibriSpeech-TestClean,none,human,train,5.61,16000,179564,c855b7ae6a6872f603af6cc329fdcff9508504c0ad391b0e8b6b4e2bc32d0376
E:\VoiceDeepfakeAI\voice_deepfake_dataset\train\real\english\libri_spk_1_c1d28a30d6.wav,real,english,libri_spk_1,DynamicSuperb/LibriSpeech-TestClean,none,human,train,26.115,16000,835724,c1d28a30d6c3d98cae82cabd29eb7d22ff0543e20cb736f1e8893376006dd88e
E:\VoiceDeepfakeAI\voice_deepfake_dataset\train\real\english\libri_spk_1_9e7e55b766.wav,real,english,libri_spk_1,DynamicSuperb/LibriSpeech-TestClean,none,human,train,4.755,16000,152204,9e7e55b766e4d8e405aeba217bac6d418d3ddb9af2f5716db9a9f8c924268668
E:\VoiceDeepfakeAI\voice_deepfake_dataset\train\real\english\libri_spk_1_75e50c5168.wav,real,english,libri_spk_1,DynamicSuperb/LibriSpeech-TestClean,none,human,train,15.03,16000,481004,75e50c51683a2731628dc62d3669ecc6309bad4c5ab621a031de249b5c122c54
E:\VoiceDeepfakeAI\voice_deepfake_dataset\train\real\english\libri_spk_1_6edb6aef9d.wav,real,english,libri_spk_1,DynamicSuperb/LibriSpeech-TestClean,none,human,train,4.015,16000,128524,6edb6aef9df9f584b820729b5f5e5df1b2f735ca496e410b7065fb186f295046
E:\VoiceDeepfakeAI\voice_deepfake_dataset\train\real\english\libri_spk_1_1a7103f8b5.wav,real,english,libri_spk_1,DynamicSuperb/LibriSpeech-TestClean,none,human,train,7.165,16000,229324,1a7103f8b51e61d80870f8f83fae0a3d440d32f688627eaa22e7c42d4783b33e
E:\VoiceDeepfakeAI\voice_deepfake_dataset\train\real\hinglish\real_hing_razia_9694b0b80b.wav,real,hinglish,real_hing_razia,HumynLabs/e-commerce-customersupport-hinglish-audio,none,human,train,11.797,16000,377560,9694b0b80bee356b8b914e6226827567768ed3c08bd53a33ba949eda0dc07c6b
E:\VoiceDeepfakeAI\voice_deepfake_dataset\train\real\english\asv_spk_8_24b91ce88a.wav,real,english,asv_spk_8,DynamicSuperb/SpoofDetection_ASVspoof2017,none,human,train,3.389,16000,108508,24b91ce88a16ff4f12269edb2a7ccdc0dc5abc03069d67a6f56a9f33a00b424d
E:\VoiceDeepfakeAI\voice_deepfake_dataset\train\real\hindi\hi_reader_2_251983af60.wav,real,hindi,hi_reader_2,Sudhu2004/Bible_Hindi_Audio_Dataset,none,human,train,5.0,16000,160044,251983af603d80e272cef368fe745ac29e025a45eb125244dd422c8c401b331e
E:\VoiceDeepfakeAI\voice_deepfake_dataset\train\real\hindi\hi_reader_2_206ea69f5f.wav,real,hindi,hi_reader_2,Sudhu2004/Bible_Hindi_Audio_Dataset,none,human,train,5.0,16000,160044,206ea69f5f859bdf8bf271b6f434e087c22d1f0f3f1ed372d1aeda70a033b86e
E:\VoiceDeepfakeAI\voice_deepfake_dataset\train\real\hindi\hi_reader_2_d3feef0290.wav,real,hindi,hi_reader_2,Sudhu2004/Bible_Hindi_Audio_Dataset,none,human,train,5.0,16000,160044,d3feef02906855019d0c31ae35724ffa94b3f9ce2d4b0f3782fce0c36a43b78b
E:\VoiceDeepfakeAI\voice_deepfake_dataset\train\real\hindi\hi_reader_2_e9d6ad4527.wav,real,hindi,hi_reader_2,Sudhu2004/Bible_Hindi_Audio_Dataset,none,human,train,5.0,16000,160044,e9d6ad4527243fa5afca51719e4b517bfc5606c0d3d870b8d3b300409eaa8a0b
E:\VoiceDeepfakeAI\voice_deepfake_dataset\train\real\hindi\hi_reader_2_baaf497480.wav,real,hindi,hi_reader_2,Sudhu2004/Bible_Hindi_Audio_Dataset,none,human,train,5.0,16000,160044,baaf49748090608908c9d352cc2cd8147cdf753fb5b835231bcd72c2afa5f830
E:\VoiceDeepfakeAI\voice_deepfake_dataset\train\real\hindi\hi_reader_2_a76b84a89e.wav,real,hindi,hi_reader_2,Sudhu2004/Bible_Hindi_Audio_Dataset,none,human,train,5.0,16000,160044,a76b84a89e4c0ace04e8509a7847bc53957f01bf8930292e7b4244e15281ff82
E:\VoiceDeepfakeAI\voice_deepfake_dataset\train\real\hindi\hi_reader_2_01c75afe26.wav,real,hindi,hi_reader_2,Sudhu2004/Bible_Hindi_Audio_Dataset,none,human,train,5.0,16000,160044,01c75afe26097035d296a02adc72b95f9bc560abdddd6a06d8c71a0a1dc6de4a
E:\VoiceDeepfakeAI\voice_deepfake_dataset\train\real\hindi\hi_reader_2_22b67ed00e.wav,real,hindi,hi_reader_2,Sudhu2004/Bible_Hindi_Audio_Dataset,none,human,train,5.0,16000,160044,22b67ed00e8ce5e8c79b6c2444262f7b5d7f0ebef92bde031b63fc1b2d166298
E:\VoiceDeepfakeAI\voice_deepfake_dataset\train\real\hindi\hi_reader_2_b22ae878fc.wav,real,hindi,hi_reader_2,Sudhu2004/Bible_Hindi_Audio_Dataset,none,human,train,5.0,16000,160044,b22ae878fcbd5fc6522e1e957b15669c44e3e560a07c533b7a3f47f6fbf26619
E:\VoiceDeepfakeAI\voice_deepfake_dataset\train\real\hindi\hi_reader_2_561ce8bb2d.wav,real,hindi,hi_reader_2,Sudhu2004/Bible_Hindi_Audio_Dataset,none,human,train,5.0,16000,160044,561ce8bb2d71a150aec9853b3bcea425b57759c9d34c00397018f0a43bf7ec41
E:\VoiceDeepfakeAI\voice_deepfake_dataset\train\real\hindi\hi_reader_2_1e8c111141.wav,real,hindi,hi_reader_2,Sudhu2004/Bible_Hindi_Audio_Dataset,none,human,train,5.0,16000,160044,1e8c11114177d24a34e5f1b5746eb457c19e9d95a4cbfb883fae013b5873480c
E:\VoiceDeepfakeAI\voice_deepfake_dataset\train\real\hindi\hi_reader_2_8c6436bf2b.wav,real,hindi,hi_reader_2,Sudhu2004/Bible_Hindi_Audio_Dataset,none,human,train,5.0,16000,160044,8c6436bf2bd893f09d918c1b199fbc618bedd95be0bc08b0ab8c5af7630c3070
E:\VoiceDeepfakeAI\voice_deepfake_dataset\train\real\hindi\hi_reader_2_a77ae58d04.wav,real,hindi,hi_reader_2,Sudhu2004/Bible_Hindi_Audio_Dataset,none,human,train,5.0,16000,160044,a77ae58d04a098eb63330ea8554d9394aa679ab463c5481bb0ffc67b9e1654c6
E:\VoiceDeepfakeAI\voice_deepfake_dataset\train\real\hindi\hi_reader_2_0187a0624e.wav,real,hindi,hi_reader_2,Sudhu2004/Bible_Hindi_Audio_Dataset,none,human,train,5.0,16000,160044,0187a0624e106614a5224c3d6f35cd66c9772add5fdb8f17b2aa220f42d4a855
E:\VoiceDeepfakeAI\voice_deepfake_dataset\train\real\hindi\hi_reader_2_d292912782.wav,real,hindi,hi_reader_2,Sudhu2004/Bible_Hindi_Audio_Dataset,none,human,train,5.0,16000,160044,d292912782f7aaa982bfd87e62f38f40e6b722a2fec91325714e005fa61d09b3
E:\VoiceDeepfakeAI\voice_deepfake_dataset\train\real\hindi\hi_reader_2_daf5afa27c.wav,real,hindi,hi_reader_2,Sudhu2004/Bible_Hindi_Audio_Dataset,none,human,train,5.0,16000,160044,daf5afa27c21a0cbfb31b7fa1ba9f891d8c2f2d87d60a957f43389db3c728895
E:\VoiceDeepfakeAI\voice_deepfake_dataset\train\real\hindi\hi_reader_2_276a47d1a6.wav,real,hindi,hi_reader_2,Sudhu2004/Bible_Hindi_Audio_Dataset,none,human,train,5.0,16000,160044,276a47d1a66513f049129deab963cc4103b8b5e4989c785f0c64eb66c357c8c0
E:\VoiceDeepfakeAI\voice_deepfake_dataset\train\real\hindi\hi_reader_2_1ff903de96.wav,real,hindi,hi_reader_2,Sudhu2004/Bible_Hindi_Audio_Dataset,none,human,train,5.0,16000,160044,1ff903de962e70d84ef47c521f54145551b7fe46a98fea76b73042561cb91512
E:\VoiceDeepfakeAI\voice_deepfake_dataset\train\real\hindi\hi_reader_2_e4a81b670e.wav,real,hindi,hi_reader_2,Sudhu2004/Bible_Hindi_Audio_Dataset,none,human,train,5.0,16000,160044,e4a81b670e716670896eac7fefd320cd7f7a2b09aad0f33d801f7c27442725dc
E:\VoiceDeepfakeAI\voice_deepfake_dataset\train\real\hindi\hi_reader_2_6b77d1a1dd.wav,real,hindi,hi_reader_2,Sudhu2004/Bible_Hindi_Audio_Dataset,none,human,train,5.0,16000,160044,6b77d1a1dde1b2413405d749e2cdb568c21e9b1ceb057e45dd0bcda199ef6f27
E:\VoiceDeepfakeAI\voice_deepfake_dataset\train\real\hindi\hi_reader_2_eedca1eb49.wav,real,hindi,hi_reader_2,Sudhu2004/Bible_Hindi_Audio_Dataset,none,human,train,5.0,16000,160044,eedca1eb499e28ab0846a79fd393c683d59eeb308e8da0629b1be90f652c1a05
E:\VoiceDeepfakeAI\voice_deepfake_dataset\train\real\hindi\hi_reader_2_a7520453fd.wav,real,hindi,hi_reader_2,Sudhu2004/Bible_Hindi_Audio_Dataset,none,human,train,5.0,16000,160044,a7520453fde8f4111c9352d559fbe0ec7a9de8f2823d2fae46f374b3d897babe
E:\VoiceDeepfakeAI\voice_deepfake_dataset\train\real\hindi\hi_reader_2_baa538b3ca.wav,real,hindi,hi_reader_2,Sudhu2004/Bible_Hindi_Audio_Dataset,none,human,train,5.0,16000,160044,baa538b3cac98e7174476d1b88d4cc5ed11e5938f84f6f974242df925f2b3542
E:\VoiceDeepfakeAI\voice_deepfake_dataset\train\real\hindi\hi_reader_2_ce7ef89d1e.wav,real,hindi,hi_reader_2,Sudhu2004/Bible_Hindi_Audio_Dataset,none,human,train,5.0,16000,160044,ce7ef89d1eeadd19ddffea0771c30444914778852b1556f7c2a8b26a261584fb
E:\VoiceDeepfakeAI\voice_deepfake_dataset\train\real\hinglish\real_hing_Ayush Sahu_9c23bb217e.wav,real,hinglish,real_hing_Ayush Sahu,HumynLabs/airline-customersupport-Hinglish-audio,none,human,train,9.009,16000,288344,9c23bb217ea91411889e20ca530d528d996762fd358e532ca5f76baed806bbaf
E:\VoiceDeepfakeAI\voice_deepfake_dataset\train\real\hinglish\real_hing_Ayush Sahu_d15b9c6dce.wav,real,hinglish,real_hing_Ayush Sahu,HumynLabs/e-commerce-customersupport-hinglish-audio,none,human,train,7.546,16000,241532,d15b9c6dced7909d0612f11159be2bc8c5d0aedecce24a7b288ac063d9827f5d
E:\VoiceDeepfakeAI\voice_deepfake_dataset\train\real\english\libri_spk_16_9f3e74152b.wav,real,english,libri_spk_16,DynamicSuperb/LibriSpeech-TestClean,none,human,train,8.705,16000,278604,9f3e74152bd424b321868c1ecf8eeeaf0ca20c61714ba24c944e5deabc26b23e
E:\VoiceDeepfakeAI\voice_deepfake_dataset\train\real\english\libri_spk_16_46691538fa.wav,real,english,libri_spk_16,DynamicSuperb/LibriSpeech-TestClean,none,human,train,2.145,16000,68684,46691538fa42797d3d0e5260592dc5560f6724a3bb5b741e3bb95305c32c29ff
E:\VoiceDeepfakeAI\voice_deepfake_dataset\train\real\english\libri_spk_16_64b4905c2c.wav,real,english,libri_spk_16,DynamicSuperb/LibriSpeech-TestClean,none,human,train,6.55,16000,209644,64b4905c2cdd64172040f9c0d019f2eca4cdb099f60b7f268c862daef7b844f9
E:\VoiceDeepfakeAI\voice_deepfake_dataset\train\real\english\libri_spk_16_3bd775bb25.wav,real,english,libri_spk_16,DynamicSuperb/LibriSpeech-TestClean,none,human,train,3.775,16000,120844,3bd775bb253534db1427c19cfaadd18a7c9ceb9974d12fe5ea7f7243d849b581
E:\VoiceDeepfakeAI\voice_deepfake_dataset\train\real\english\libri_spk_16_83ffb72f64.wav,real,english,libri_spk_16,DynamicSuperb/LibriSpeech-TestClean,none,human,train,12.15,16000,388844,83ffb72f64be756e9fa5d48fd250fab44076a95bbf93ba57b15310b9cac815ed
E:\VoiceDeepfakeAI\voice_deepfake_dataset\train\real\english\libri_spk_16_82a8f1fe17.wav,real,english,libri_spk_16,DynamicSuperb/LibriSpeech-TestClean,none,human,train,4.765,16000,152524,82a8f1fe17d3f8377d258fa363974e69e2e6c63165e0b0b711b0068856e65c43
E:\VoiceDeepfakeAI\voice_deepfake_dataset\train\real\english\libri_spk_16_e4f5fa0eb6.wav,real,english,libri_spk_16,DynamicSuperb/LibriSpeech-TestClean,none,human,train,20.185,16000,645964,e4f5fa0eb65baba17fc4ba60a0def0193dca1c873079d545da7d655cbbcb061d
E:\VoiceDeepfakeAI\voice_deepfake_dataset\train\real\english\libri_spk_16_1c55a8c00e.wav,real,english,libri_spk_16,DynamicSuperb/LibriSpeech-TestClean,none,human,train,2.665,16000,85324,1c55a8c00ed49564ac9f273b225c155c1e0e5674f49e3ed2a91596be5971bc19
E:\VoiceDeepfakeAI\voice_deepfake_dataset\train\real\english\libri_spk_16_7f23ec493e.wav,real,english,libri_spk_16,DynamicSuperb/LibriSpeech-TestClean,none,human,train,14.44,16000,462124,7f23ec493e3944c156ea66a91de32df4e1de117d602882726506b4b5cf4ad04f
E:\VoiceDeepfakeAI\voice_deepfake_dataset\train\real\hinglish\real_hing_Kushal Gupta_63f1bce755.wav,real,hinglish,real_hing_Kushal Gupta,HumynLabs/banking-customersupport-hinglish-audio,none,human,train,12.757,16000,408280,63f1bce755989ab33110b63c3ee1e9399d1a8691378d1be49ec1fd2b77f18e99
E:\VoiceDeepfakeAI\voice_deepfake_dataset\train\real\hinglish\real_hing_Kushal Gupta_2264b5f801.wav,real,hinglish,real_hing_Kushal Gupta,HumynLabs/airline-customersupport-Hinglish-audio,none,human,train,9.835,16000,314754,2264b5f801d5b5db651c9dc6380701c5edfdf89a314bddb2378dc64a57e0029f
E:\VoiceDeepfakeAI\voice_deepfake_dataset\train\real\english\libri_spk_17_1fd37f29b6.wav,real,english,libri_spk_17,DynamicSuperb/LibriSpeech-TestClean,none,human,train,5.335,16000,170764,1fd37f29b6b0c5af5f331b3ff791502eb92b806aa4de18139139def0cef4165f
E:\VoiceDeepfakeAI\voice_deepfake_dataset\train\real\english\libri_spk_17_65d6015286.wav,real,english,libri_spk_17,DynamicSuperb/LibriSpeech-TestClean,none,human,train,6.47,16000,207084,65d60152869650ca0af1f64feef9fe9877815a06a94b39c9d6708a8be9e05e06
E:\VoiceDeepfakeAI\voice_deepfake_dataset\train\real\english\libri_spk_17_de2b9eada4.wav,real,english,libri_spk_17,DynamicSuperb/LibriSpeech-TestClean,none,human,train,5.07,16000,162284,de2b9eada491c5961a7b83b37bafd36974733753d3de97420189563db9d714c6
E:\VoiceDeepfakeAI\voice_deepfake_dataset\train\real\english\libri_spk_17_6d08cc0902.wav,real,english,libri_spk_17,DynamicSuperb/LibriSpeech-TestClean,none,human,train,9.73,16000,311404,6d08cc0902fdb14a849301f9519ff8bd6cfb6f727dd2dd51838f1c4c05b47206
E:\VoiceDeepfakeAI\voice_deepfake_dataset\train\real\english\libri_spk_17_0b4a1ed583.wav,real,english,libri_spk_17,DynamicSuperb/LibriSpeech-TestClean,none,human,train,6.72,16000,215084,0b4a1ed583156451cfd59e19d0793df4d2efccc3b86f7e25fe8d2a8845ee87ba
E:\VoiceDeepfakeAI\voice_deepfake_dataset\train\real\english\libri_spk_17_57ce0e9f2e.wav,real,english,libri_spk_17,DynamicSuperb/LibriSpeech-TestClean,none,human,train,3.905,16000,125004,57ce0e9f2e101ed6f4a4198cbecdc51631fdaf1e63f3740241df4dab6dff21aa
E:\VoiceDeepfakeAI\voice_deepfake_dataset\train\real\english\libri_spk_17_c1ef2cab29.wav,real,english,libri_spk_17,DynamicSuperb/LibriSpeech-TestClean,none,human,train,8.595,16000,275084,c1ef2cab297efe09a52ced786819edc68d1a9a7d86fefb349ff79d473384dc4a
E:\VoiceDeepfakeAI\voice_deepfake_dataset\train\real\english\libri_spk_17_a0b34fe1ae.wav,real,english,libri_spk_17,DynamicSuperb/LibriSpeech-TestClean,none,human,train,7.895,16000,252684,a0b34fe1ae5c64a40c035a3e9af2a74a289bccdad5040b0d26fadc13ad49741a
E:\VoiceDeepfakeAI\voice_deepfake_dataset\train\real\english\libri_spk_17_82768c01b2.wav,real,english,libri_spk_17,DynamicSuperb/LibriSpeech-TestClean,none,human,train,4.38,16000,140204,82768c01b2ad5153517bdb77a0e477000c9581dcb0902fba650f3abe8f5189f8
E:\VoiceDeepfakeAI\voice_deepfake_dataset\train\real\hinglish\real_hing_sourav singh_77ca06efa7.wav,real,hinglish,real_hing_sourav singh,HumynLabs/e-commerce-customersupport-hinglish-audio,none,human,train,9.408,16000,301100,77ca06efa79f6a5b9416706791667dc8982fd89f374edd577a322f2432ccd66f
E:\VoiceDeepfakeAI\voice_deepfake_dataset\train\real\english\libri_spk_11_2db41b9637.wav,real,english,libri_spk_11,DynamicSuperb/LibriSpeech-TestClean,none,human,train,30.04,16000,961324,2db41b963720d659dbb8e54c66dbae13ca91f0c993ea76ea8ea93aa2aa806f82
E:\VoiceDeepfakeAI\voice_deepfake_dataset\train\real\english\libri_spk_11_473195f56a.wav,real,english,libri_spk_11,DynamicSuperb/LibriSpeech-TestClean,none,human,train,7.535,16000,241164,473195f56ac62485742a5c0a37c0169f30593b23df38dfb00d748d6322088f3b
E:\VoiceDeepfakeAI\voice_deepfake_dataset\train\real\english\libri_spk_11_24782ed8fc.wav,real,english,libri_spk_11,DynamicSuperb/LibriSpeech-TestClean,none,human,train,13.89,16000,444524,24782ed8fce04b7b81cc08a4bc807de547f0a4cbfa15a0c3fa455ce436d5ca5b
E:\VoiceDeepfakeAI\voice_deepfake_dataset\train\real\english\libri_spk_11_ebf88d1365.wav,real,english,libri_spk_11,DynamicSuperb/LibriSpeech-TestClean,none,human,train,16.56,16000,529964,ebf88d13657344f3c611f184f50cd4e5b9902de25a16636efe5c3675545d55b1
E:\VoiceDeepfakeAI\voice_deepfake_dataset\train\real\english\libri_spk_11_c4f5a188d7.wav,real,english,libri_spk_11,DynamicSuperb/LibriSpeech-TestClean,none,human,train,6.905,16000,221004,c4f5a188d74aae92439102584ac91f022b2ad9352a5e6c365cde47423ae4169d
E:\VoiceDeepfakeAI\voice_deepfake_dataset\train\real\english\libri_spk_11_0e7429aeee.wav,real,english,libri_spk_11,DynamicSuperb/LibriSpeech-TestClean,none,human,train,11.32,16000,362284,0e7429aeeeab6e9d56c71161236eba720f2608481738da17ede1aa10c9504197
E:\VoiceDeepfakeAI\voice_deepfake_dataset\train\real\english\libri_spk_11_c5692bf0dd.wav,real,english,libri_spk_11,DynamicSuperb/LibriSpeech-TestClean,none,human,train,5.565,16000,178124,c5692bf0dd9bc78c6ea27dd7fcbf58809cc29aeafc2d69704da5a02320e157b9
E:\VoiceDeepfakeAI\voice_deepfake_dataset\train\real\english\libri_spk_11_f9c765999e.wav,real,english,libri_spk_11,DynamicSuperb/LibriSpeech-TestClean,none,human,train,2.765,16000,88524,f9c765999e28c37168b138f97524d4738724fa2549497dad2466427d8e2c2ae6
E:\VoiceDeepfakeAI\voice_deepfake_dataset\train\real\english\libri_spk_11_87c6ec94e1.wav,real,english,libri_spk_11,DynamicSuperb/LibriSpeech-TestClean,none,human,train,6.64,16000,212524,87c6ec94e10a8054ac00b26489170de15e669d61fcb1b94718db2993fa0f7607
E:\VoiceDeepfakeAI\voice_deepfake_dataset\train\real\hindi\hi_reader_10_a6650eda44.wav,real,hindi,hi_reader_10,Sudhu2004/Bible_Hindi_Audio_Dataset,none,human,train,5.0,16000,160044,a6650eda4414383c75a9ffc5b5e6f962dab2f4d2881d4aa7ffa13de45a08c94e
E:\VoiceDeepfakeAI\voice_deepfake_dataset\train\real\hindi\hi_reader_10_d231536689.wav,real,hindi,hi_reader_10,Sudhu2004/Bible_Hindi_Audio_Dataset,none,human,train,5.0,16000,160044,d2315366897a79321bdf71ec4de95623dd6e2b0fb243200dafe9734177884491
E:\VoiceDeepfakeAI\voice_deepfake_dataset\train\real\hindi\hi_reader_10_e3330b5426.wav,real,hindi,hi_reader_10,Sudhu2004/Bible_Hindi_Audio_Dataset,none,human,train,5.0,16000,160044,e3330b54263d1cb4a37961f7985a94fe8ac6cb8c80264775c0bb5876bfe9fa19
E:\VoiceDeepfakeAI\voice_deepfake_dataset\train\real\hindi\hi_reader_10_0848e59c4d.wav,real,hindi,hi_reader_10,Sudhu2004/Bible_Hindi_Audio_Dataset,none,human,train,5.0,16000,160044,0848e59c4d75e60ea0366ba5845be908ce569b1437e44e3bb41f413af30ac54a
E:\VoiceDeepfakeAI\voice_deepfake_dataset\train\real\hindi\hi_reader_10_1889873ba8.wav,real,hindi,hi_reader_10,Sudhu2004/Bible_Hindi_Audio_Dataset,none,human,train,5.0,16000,160044,1889873ba8add6bb9ec1d50f78c2229483c4a992de1162a3bd6eabe3c614a76e
E:\VoiceDeepfakeAI\voice_deepfake_dataset\train\real\hindi\hi_reader_10_f586861287.wav,real,hindi,hi_reader_10,Sudhu2004/Bible_Hindi_Audio_Dataset,none,human,train,5.0,16000,160044,f5868612872aa73c72da53dbaaa8981f1080e5471564a6447752dae109fbcf1f
E:\VoiceDeepfakeAI\voice_deepfake_dataset\train\real\hindi\hi_reader_10_f9144ff4d7.wav,real,hindi,hi_reader_10,Sudhu2004/Bible_Hindi_Audio_Dataset,none,human,train,5.0,16000,160044,f9144ff4d799165060559f257f4bf9e52607bf3fa442214c03842b28f1ff2e73
E:\VoiceDeepfakeAI\voice_deepfake_dataset\train\real\hindi\hi_reader_10_a51613a4b4.wav,real,hindi,hi_reader_10,Sudhu2004/Bible_Hindi_Audio_Dataset,none,human,train,5.0,16000,160044,a51613a4b47bedbf7603171151747edd2fbf3171bcfb925cdedc1c2272bb5a94
E:\VoiceDeepfakeAI\voice_deepfake_dataset\train\real\hindi\hi_reader_10_446bb81264.wav,real,hindi,hi_reader_10,Sudhu2004/Bible_Hindi_Audio_Dataset,none,human,train,5.0,16000,160044,446bb8126497de464ab0ee932154a39a29faa37f2a65e0565c374ba76c30ab76
E:\VoiceDeepfakeAI\voice_deepfake_dataset\train\real\hindi\hi_reader_10_508b8d91ae.wav,real,hindi,hi_reader_10,Sudhu2004/Bible_Hindi_Audio_Dataset,none,human,train,5.0,16000,160044,508b8d91ae357927b67bd863773944ba1d161a185de9abd254030882fac39156
E:\VoiceDeepfakeAI\voice_deepfake_dataset\train\real\hindi\hi_reader_10_fbbffdf9be.wav,real,hindi,hi_reader_10,Sudhu2004/Bible_Hindi_Audio_Dataset,none,human,train,5.0,16000,160044,fbbffdf9be1139316f2ea39166fae3d8984541c49da5b1eddf6a83cfbf5a1d20
E:\VoiceDeepfakeAI\voice_deepfake_dataset\train\real\hindi\hi_reader_10_bdded5ebdb.wav,real,hindi,hi_reader_10,Sudhu2004/Bible_Hindi_Audio_Dataset,none,human,train,5.0,16000,160044,bdded5ebdb918feefb98871e144eaa1990acccb4bb66cab1c9ab1a54f111e458
E:\VoiceDeepfakeAI\voice_deepfake_dataset\train\real\hindi\hi_reader_0_f009a25f7a.wav,real,hindi,hi_reader_0,Sudhu2004/Bible_Hindi_Audio_Dataset,none,human,train,5.0,16000,160044,f009a25f7a26a49b10eb0a465b5d7f8b3b6cbb3eb889624fd25617c0b4b6a74b
E:\VoiceDeepfakeAI\voice_deepfake_dataset\train\real\hindi\hi_reader_0_82b560511d.wav,real,hindi,hi_reader_0,Sudhu2004/Bible_Hindi_Audio_Dataset,none,human,train,5.0,16000,160044,82b560511d575b1c217fc7e27eedd05abafe3168cc40bd00f5c708b5fc0ea3c2
E:\VoiceDeepfakeAI\voice_deepfake_dataset\train\real\hindi\hi_reader_0_a4ba67e3ad.wav,real,hindi,hi_reader_0,Sudhu2004/Bible_Hindi_Audio_Dataset,none,human,train,5.0,16000,160044,a4ba67e3ad374c6125636624d06231e8b0638723b4b6b26eec43fed49d7eb7a0
E:\VoiceDeepfakeAI\voice_deepfake_dataset\train\real\hindi\hi_reader_0_48d839582b.wav,real,hindi,hi_reader_0,Sudhu2004/Bible_Hindi_Audio_Dataset,none,human,train,5.0,16000,160044,48d839582b18d689a5ce27d627ca01b1256e1ccda301f0da056003ef39a0c83c
E:\VoiceDeepfakeAI\voice_deepfake_dataset\train\real\hindi\hi_reader_0_c4f8602ca0.wav,real,hindi,hi_reader_0,Sudhu2004/Bible_Hindi_Audio_Dataset,none,human,train,5.0,16000,160044,c4f8602ca08ef0d74539a1c75c841822b4d08fe5125757e84264517fa5e6ce53
E:\VoiceDeepfakeAI\voice_deepfake_dataset\train\real\hindi\hi_reader_0_58d0ef6096.wav,real,hindi,hi_reader_0,Sudhu2004/Bible_Hindi_Audio_Dataset,none,human,train,5.0,16000,160044,58d0ef60967744ca2fd64d7cf37289fc473abeaa2a657c6c477fcd6bb31d3a16
E:\VoiceDeepfakeAI\voice_deepfake_dataset\train\real\hindi\hi_reader_0_b94c5d782e.wav,real,hindi,hi_reader_0,Sudhu2004/Bible_Hindi_Audio_Dataset,none,human,train,5.0,16000,160044,b94c5d782efc9a87394481156c052bc1b3ea1c4f4062560da6311207d48d35c1
E:\VoiceDeepfakeAI\voice_deepfake_dataset\train\real\hindi\hi_reader_0_3e7b02ff7c.wav,real,hindi,hi_reader_0,Sudhu2004/Bible_Hindi_Audio_Dataset,none,human,train,5.0,16000,160044,3e7b02ff7ccd34bf96150cabba309954bc2e7ea69e1a98661c6dae8843f20483
E:\VoiceDeepfakeAI\voice_deepfake_dataset\train\real\hindi\hi_reader_0_7437684f13.wav,real,hindi,hi_reader_0,Sudhu2004/Bible_Hindi_Audio_Dataset,none,human,train,5.0,16000,160044,7437684f13d802676d3443c856c4b93343b8fe55d93728fe87821902490c386f
E:\VoiceDeepfakeAI\voice_deepfake_dataset\train\real\hindi\hi_reader_0_d879566c07.wav,real,hindi,hi_reader_0,Sudhu2004/Bible_Hindi_Audio_Dataset,none,human,train,5.0,16000,160044,d879566c07ef978ed54952a5b6b8185c40df47fd31d526c1c5b83396c33dcaa7
E:\VoiceDeepfakeAI\voice_deepfake_dataset\train\real\hindi\hi_reader_0_0a1c957a66.wav,real,hindi,hi_reader_0,Sudhu2004/Bible_Hindi_Audio_Dataset,none,human,train,5.0,16000,160044,0a1c957a66e7c696a04982e4b118d9ab8990256d0cf4d4b79ddce13d2a6ff40d
E:\VoiceDeepfakeAI\voice_deepfake_dataset\train\real\hindi\hi_reader_0_901fdfd0ea.wav,real,hindi,hi_reader_0,Sudhu2004/Bible_Hindi_Audio_Dataset,none,human,train,5.0,16000,160044,901fdfd0ead7c2b71c2d57636d8f10023e50b9f3c53f571374a1c52387c064e9
E:\VoiceDeepfakeAI\voice_deepfake_dataset\train\real\hinglish\real_hing_Rony Ray_6fddf12737.wav,real,hinglish,real_hing_Rony Ray,HumynLabs/airline-customersupport-Hinglish-audio,none,human,train,9.053,16000,289756,6fddf12737863e4bd6bf6192fd3c1f2878daeadee544c90eb1474e8714cca417
E:\VoiceDeepfakeAI\voice_deepfake_dataset\train\real\hinglish\real_hing_Astero Nadterolo_1e47f5801c.wav,real,hinglish,real_hing_Astero Nadterolo,HumynLabs/banking-customersupport-hinglish-audio,none,human,train,13.819,16000,442246,1e47f5801ce9c23da037c71686909626d383e217d1701eceb27cb52cc30af951
E:\VoiceDeepfakeAI\voice_deepfake_dataset\train\real\hinglish\real_hing_Astero Nadterolo_51c42b0165.wav,real,hinglish,real_hing_Astero Nadterolo,HumynLabs/airline-customersupport-Hinglish-audio,none,human,train,11.128,16000,356146,51c42b01655909f4b17ce6fc57dc38b856cc2388a2d6312fa996c845e64b6f41
E:\VoiceDeepfakeAI\voice_deepfake_dataset\train\real\english\libri_spk_5_e7d8e1fd58.wav,real,english,libri_spk_5,DynamicSuperb/LibriSpeech-TestClean,none,human,train,16.085,16000,514764,e7d8e1fd584bd58b27a6b55257cdbe62e28c57d7f6a4a6beb06b5c1bcf039b05
E:\VoiceDeepfakeAI\voice_deepfake_dataset\train\real\english\libri_spk_5_8174a2a276.wav,real,english,libri_spk_5,DynamicSuperb/LibriSpeech-TestClean,none,human,train,6.385,16000,204364,8174a2a27696c8014fb0721cde60112bf47932577c586ca1cc0d78e12f4d1bab
E:\VoiceDeepfakeAI\voice_deepfake_dataset\train\real\english\libri_spk_5_cec91b0a87.wav,real,english,libri_spk_5,DynamicSuperb/LibriSpeech-TestClean,none,human,train,12.46,16000,398764,cec91b0a8760205badcfd32d53f3c9c2d66cfdf907916cefa36fc26c8f34b757
E:\VoiceDeepfakeAI\voice_deepfake_dataset\train\real\english\libri_spk_5_2308ff2970.wav,real,english,libri_spk_5,DynamicSuperb/LibriSpeech-TestClean,none,human,train,8.085,16000,258764,2308ff29700e1c4183e67f313364fdb225e1352c0a40def24ba6c091d07ebf07
E:\VoiceDeepfakeAI\voice_deepfake_dataset\train\real\english\libri_spk_5_7d7d7ebe34.wav,real,english,libri_spk_5,DynamicSuperb/LibriSpeech-TestClean,none,human,train,5.025,16000,160844,7d7d7ebe34456eae5a2ce4bf0982662c1aee5601247ba591e5e60761b8591146
E:\VoiceDeepfakeAI\voice_deepfake_dataset\train\real\english\libri_spk_5_459e8a0240.wav,real,english,libri_spk_5,DynamicSuperb/LibriSpeech-TestClean,none,human,train,4.4,16000,140844,459e8a0240f2bb20b7f54cbc0e97c19626197b62f7ba1b4c5bc546002913ba7e
E:\VoiceDeepfakeAI\voice_deepfake_dataset\train\real\english\libri_spk_5_b4230f71b8.wav,real,english,libri_spk_5,DynamicSuperb/LibriSpeech-TestClean,none,human,train,2.11,16000,67564,b4230f71b80b78ffe8f5a912482478d2ca657f5da6f626a30c165c5c425359fb
E:\VoiceDeepfakeAI\voice_deepfake_dataset\train\real\english\libri_spk_5_69039ea6fa.wav,real,english,libri_spk_5,DynamicSuperb/LibriSpeech-TestClean,none,human,train,4.775,16000,152844,69039ea6fa1b937d2ded3cae6df48748a29287a2679be3002b74d5d904aa5ac8
E:\VoiceDeepfakeAI\voice_deepfake_dataset\train\real\english\libri_spk_5_0af813bd8c.wav,real,english,libri_spk_5,DynamicSuperb/LibriSpeech-TestClean,none,human,train,5.0,16000,160044,0af813bd8c16ec5da3587ec995238b17428e6722dcfc7c1552f1de0c808f63a4
E:\VoiceDeepfakeAI\voice_deepfake_dataset\train\real\hinglish\real_hing_Anjali Swain_3099112507.wav,real,hinglish,real_hing_Anjali Swain,HumynLabs/banking-customersupport-hinglish-audio,none,human,train,12.336,16000,394796,3099112507a68366b1dbb177da94c2d19723cfa79e3f1ebc38eead7cc64b54f3
E:\VoiceDeepfakeAI\voice_deepfake_dataset\train\real\hinglish\real_hing_Anjali Swain_a5e76f55c1.wav,real,hinglish,real_hing_Anjali Swain,HumynLabs/airline-customersupport-Hinglish-audio,none,human,train,11.832,16000,378668,a5e76f55c11f90e446aa1ca14510db7f25070279e3036b5efb477994132d891b
E:\VoiceDeepfakeAI\voice_deepfake_dataset\train\real\hinglish\real_hing_Anjali Swain_7d15fdd74b.wav,real,hinglish,real_hing_Anjali Swain,HumynLabs/airline-customersupport-Hinglish-audio,none,human,train,9.776,16000,312864,7d15fdd74b054e8927f91d7c11fd569526eb90b90979507bca7a59813f110a08
E:\VoiceDeepfakeAI\voice_deepfake_dataset\train\real\hinglish\real_hing_Anjali Swain_5112afa5da.wav,real,hinglish,real_hing_Anjali Swain,HumynLabs/e-commerce-customersupport-hinglish-audio,none,human,train,12.336,16000,394796,5112afa5dada1b4f31b7329697c9295c8052ed5d8161a73eef0ce824960d1892
E:\VoiceDeepfakeAI\voice_deepfake_dataset\train\real\hinglish\real_hing_Anjali Swain_592fb50fcc.wav,real,hinglish,real_hing_Anjali Swain,HumynLabs/airline-customersupport-Hinglish-audio,none,human,train,11.656,16000,373050,592fb50fcc7c8562aef781800659fefeb71bedff22cc5eab207f5e93648b62e2
E:\VoiceDeepfakeAI\voice_deepfake_dataset\train\real\hinglish\real_hing_Anjali Swain_0be4b6d0c3.wav,real,hinglish,real_hing_Anjali Swain,HumynLabs/e-commerce-customersupport-hinglish-audio,none,human,train,10.078,16000,322524,0be4b6d0c3be4f1927ca24a7544127672a5128d8fa35c23d5e4a63fec91ff899
E:\VoiceDeepfakeAI\voice_deepfake_dataset\train\real\hindi\hi_reader_9_8516804b9c.wav,real,hindi,hi_reader_9,Sudhu2004/Bible_Hindi_Audio_Dataset,none,human,train,5.0,16000,160044,8516804b9cfd0d2110d2dc89b584f4bf0f375360c69795eb36a4a1aeb6e461dc
E:\VoiceDeepfakeAI\voice_deepfake_dataset\train\real\hindi\hi_reader_9_777fe7a47b.wav,real,hindi,hi_reader_9,Sudhu2004/Bible_Hindi_Audio_Dataset,none,human,train,5.0,16000,160044,777fe7a47b007b4d4a1ca052e094b8a1aff512680e051cd7d6d4199c919dbf0e
E:\VoiceDeepfakeAI\voice_deepfake_dataset\train\real\hindi\hi_reader_9_2087b32dae.wav,real,hindi,hi_reader_9,Sudhu2004/Bible_Hindi_Audio_Dataset,none,human,train,5.0,16000,160044,2087b32dae6a2487dab9067c5e4291a77991755c261dee9e02c1d744cd8297b2
E:\VoiceDeepfakeAI\voice_deepfake_dataset\train\real\hindi\hi_reader_9_d4415a6a5f.wav,real,hindi,hi_reader_9,Sudhu2004/Bible_Hindi_Audio_Dataset,none,human,train,5.0,16000,160044,d4415a6a5f72fa76b6c6376599b9bd05b0fc407b2f666b9f2498a9cf8096b42f
E:\VoiceDeepfakeAI\voice_deepfake_dataset\train\real\hindi\hi_reader_9_25cb6d3769.wav,real,hindi,hi_reader_9,Sudhu2004/Bible_Hindi_Audio_Dataset,none,human,train,5.0,16000,160044,25cb6d376985bdb9ba0effd639a3100bc41f2a7670efbce83b65d79e2cfd8130
E:\VoiceDeepfakeAI\voice_deepfake_dataset\train\real\hindi\hi_reader_9_655fff7ef3.wav,real,hindi,hi_reader_9,Sudhu2004/Bible_Hindi_Audio_Dataset,none,human,train,5.0,16000,160044,655fff7ef3f352ce3734f782b7aafd5a4e42811af7762d0f377c4c25a04f2b57
E:\VoiceDeepfakeAI\voice_deepfake_dataset\train\real\hindi\hi_reader_9_c1c660e8c4.wav,real,hindi,hi_reader_9,Sudhu2004/Bible_Hindi_Audio_Dataset,none,human,train,5.0,16000,160044,c1c660e8c4b04ef7a9b028be927ab17300cfcd6532cf9e68040c694fec4dd295
E:\VoiceDeepfakeAI\voice_deepfake_dataset\train\real\hindi\hi_reader_9_bdefe466cc.wav,real,hindi,hi_reader_9,Sudhu2004/Bible_Hindi_Audio_Dataset,none,human,train,5.0,16000,160044,bdefe466cc8388bbe474763753c80510a3acf943546eea14ab6357892d2088c2
E:\VoiceDeepfakeAI\voice_deepfake_dataset\train\real\hindi\hi_reader_9_cdb81f1a11.wav,real,hindi,hi_reader_9,Sudhu2004/Bible_Hindi_Audio_Dataset,none,human,train,5.0,16000,160044,cdb81f1a11108384edd57246301d80c08f386825d11c5156257b62412c6a0787
E:\VoiceDeepfakeAI\voice_deepfake_dataset\train\real\hindi\hi_reader_9_18c7ea3919.wav,real,hindi,hi_reader_9,Sudhu2004/Bible_Hindi_Audio_Dataset,none,human,train,5.0,16000,160044,18c7ea39196889c3025be1926982a9df97618701e84a48071954b07e58dab367
E:\VoiceDeepfakeAI\voice_deepfake_dataset\train\real\hindi\hi_reader_9_168f9652fd.wav,real,hindi,hi_reader_9,Sudhu2004/Bible_Hindi_Audio_Dataset,none,human,train,5.0,16000,160044,168f9652fd2604201528eaa7b12fea0ac24c997b1975f02fbea42751ce6c6cee
E:\VoiceDeepfakeAI\voice_deepfake_dataset\train\real\hindi\hi_reader_9_89fada79c9.wav,real,hindi,hi_reader_9,Sudhu2004/Bible_Hindi_Audio_Dataset,none,human,train,5.0,16000,160044,89fada79c941f87b2b2c2535be479686b028d56e0d61b640558cd0347af07c09
E:\VoiceDeepfakeAI\voice_deepfake_dataset\train\real\hinglish\real_hing_Sunil_afbc8f16d8.wav,real,hinglish,real_hing_Sunil,HumynLabs/e-commerce-customersupport-hinglish-audio,none,human,train,11.456,16000,366636,afbc8f16d8bd1b50602e284b3e94480e852044a6e778a227b255ca6ea9f2d28b
E:\VoiceDeepfakeAI\voice_deepfake_dataset\train\real\hindi\hi_reader_1_528afbbc50.wav,real,hindi,hi_reader_1,Sudhu2004/Bible_Hindi_Audio_Dataset,none,human,train,5.0,16000,160044,528afbbc5034768bec165cc26d2b5376aaaf460e9f15cf4fc0a01ddaeb71207a
E:\VoiceDeepfakeAI\voice_deepfake_dataset\train\real\hindi\hi_reader_1_31f73d2e7f.wav,real,hindi,hi_reader_1,Sudhu2004/Bible_Hindi_Audio_Dataset,none,human,train,5.0,16000,160044,31f73d2e7fe8b2e90cc260be1e9c159bfe770005a7098df59b3656564151fb58
E:\VoiceDeepfakeAI\voice_deepfake_dataset\train\real\hindi\hi_reader_1_d7acf2b6cf.wav,real,hindi,hi_reader_1,Sudhu2004/Bible_Hindi_Audio_Dataset,none,human,train,5.0,16000,160044,d7acf2b6cf2342dc46f13c8956752c852e55279bd3710dcbeed060888ef9f0a0
E:\VoiceDeepfakeAI\voice_deepfake_dataset\train\real\hindi\hi_reader_1_ccb635fdcc.wav,real,hindi,hi_reader_1,Sudhu2004/Bible_Hindi_Audio_Dataset,none,human,train,5.0,16000,160044,ccb635fdcccdc18a2e63b4b75cdf19f3b3ed4c04ac040a4ff22b9be578b45b8a
E:\VoiceDeepfakeAI\voice_deepfake_dataset\train\real\hindi\hi_reader_1_9318ecbeea.wav,real,hindi,hi_reader_1,Sudhu2004/Bible_Hindi_Audio_Dataset,none,human,train,5.0,16000,160044,9318ecbeea0fe9f8dd0374c0e456ca1a525ceb77275cf23fa05420ef56a817bd
E:\VoiceDeepfakeAI\voice_deepfake_dataset\train\real\hindi\hi_reader_1_195a5c7a68.wav,real,hindi,hi_reader_1,Sudhu2004/Bible_Hindi_Audio_Dataset,none,human,train,5.0,16000,160044,195a5c7a68c41f66d7b0d67759cb54df9b67e5ac45be2354d9ff7bdc0b248df0
E:\VoiceDeepfakeAI\voice_deepfake_dataset\train\real\hindi\hi_reader_1_f543321990.wav,real,hindi,hi_reader_1,Sudhu2004/Bible_Hindi_Audio_Dataset,none,human,train,5.0,16000,160044,f5433219900b0bace5ea5b365d0a1b8b02d1b32fa2b6049baa0eeb57fa6d848a
E:\VoiceDeepfakeAI\voice_deepfake_dataset\train\real\hindi\hi_reader_1_dd61e84b20.wav,real,hindi,hi_reader_1,Sudhu2004/Bible_Hindi_Audio_Dataset,none,human,train,5.0,16000,160044,dd61e84b20ec4805e61da47419afda49a6308af1e8dd95651083131db951b79c
E:\VoiceDeepfakeAI\voice_deepfake_dataset\train\real\hindi\hi_reader_1_b7fb5fd82b.wav,real,hindi,hi_reader_1,Sudhu2004/Bible_Hindi_Audio_Dataset,none,human,train,5.0,16000,160044,b7fb5fd82ba6802d60a1f8c63cfec66afe10a254ce0f68cf4b892f66ef5d72c9
E:\VoiceDeepfakeAI\voice_deepfake_dataset\train\real\hindi\hi_reader_1_fb4329ed07.wav,real,hindi,hi_reader_1,Sudhu2004/Bible_Hindi_Audio_Dataset,none,human,train,5.0,16000,160044,fb4329ed075b43479b03306a0efcbc4191ce61402e7bcecc0c24837a2b3c33a4
E:\VoiceDeepfakeAI\voice_deepfake_dataset\train\real\hindi\hi_reader_1_c28dd4d9c6.wav,real,hindi,hi_reader_1,Sudhu2004/Bible_Hindi_Audio_Dataset,none,human,train,5.0,16000,160044,c28dd4d9c6502bb1d3f51abe7826da25da5b44018439f47acb0de0552476a24c
E:\VoiceDeepfakeAI\voice_deepfake_dataset\train\real\hindi\hi_reader_1_990a129928.wav,real,hindi,hi_reader_1,Sudhu2004/Bible_Hindi_Audio_Dataset,none,human,train,5.0,16000,160044,990a129928252b675815abd0dad13f339b0176e5b09102a1fc258650127b7650
E:\VoiceDeepfakeAI\voice_deepfake_dataset\train\real\english\libri_spk_2_4c49a891d1.wav,real,english,libri_spk_2,DynamicSuperb/LibriSpeech-TestClean,none,human,train,4.01,16000,128364,4c49a891d13812617e9502885ed94de57d74a5c8276f80c20af9f559852b6b97
E:\VoiceDeepfakeAI\voice_deepfake_dataset\train\real\english\libri_spk_2_b415259bc6.wav,real,english,libri_spk_2,DynamicSuperb/LibriSpeech-TestClean,none,human,train,12.835,16000,410764,b415259bc6e1ab411dc3cceaed5aa671cec3632c5fdfcb0e655951225f452432
E:\VoiceDeepfakeAI\voice_deepfake_dataset\train\real\english\libri_spk_2_eb144390c3.wav,real,english,libri_spk_2,DynamicSuperb/LibriSpeech-TestClean,none,human,train,6.145,16000,196684,eb144390c3d1f9b9d3797fc59ab76a5d2b04e4a2588a5dfac78a54c2e1f0398c
E:\VoiceDeepfakeAI\voice_deepfake_dataset\train\real\english\libri_spk_2_2639dc17de.wav,real,english,libri_spk_2,DynamicSuperb/LibriSpeech-TestClean,none,human,train,2.18,16000,69804,2639dc17de48beb2da27e19df8c82799c4a172a7381776b429fb19da39310fb3
E:\VoiceDeepfakeAI\voice_deepfake_dataset\train\real\english\libri_spk_2_d581a837db.wav,real,english,libri_spk_2,DynamicSuperb/LibriSpeech-TestClean,none,human,train,8.335,16000,266764,d581a837db78997ce2e3812e20c7a081c866f74bc70bb128cfa5e882e8e50ac6
E:\VoiceDeepfakeAI\voice_deepfake_dataset\train\real\english\libri_spk_2_d827baf225.wav,real,english,libri_spk_2,DynamicSuperb/LibriSpeech-TestClean,none,human,train,2.92,16000,93484,d827baf22599bb07271b32df3832cdebcd671eded0deb610f0f74d1687ff89dd
E:\VoiceDeepfakeAI\voice_deepfake_dataset\train\real\english\libri_spk_2_5c98d3f0f2.wav,real,english,libri_spk_2,DynamicSuperb/LibriSpeech-TestClean,none,human,train,3.73,16000,119404,5c98d3f0f271476225a4aaa7316b2434687cd4522b63b01a871026074c6c35fc
E:\VoiceDeepfakeAI\voice_deepfake_dataset\train\real\english\libri_spk_2_7a63c628bd.wav,real,english,libri_spk_2,DynamicSuperb/LibriSpeech-TestClean,none,human,train,7.37,16000,235884,7a63c628bd5bff48dbc24c0bc9b378857f18286c4b839cfceaa1ef58b3e869da
E:\VoiceDeepfakeAI\voice_deepfake_dataset\train\real\english\libri_spk_2_32ada57d6b.wav,real,english,libri_spk_2,DynamicSuperb/LibriSpeech-TestClean,none,human,train,6.555,16000,209804,32ada57d6b2f12884812e13c7de59336eb5e5068ec469a85dcb3602d452245be
E:\VoiceDeepfakeAI\voice_deepfake_dataset\train\real\hindi\hi_reader_5_a768eb4b9a.wav,real,hindi,hi_reader_5,Sudhu2004/Bible_Hindi_Audio_Dataset,none,human,train,5.0,16000,160044,a768eb4b9a5218b8a7fe40a6d1ea3197c3d96bdc29e648d571d7e8f98fe1a927
E:\VoiceDeepfakeAI\voice_deepfake_dataset\train\real\hindi\hi_reader_5_5fc6d838ab.wav,real,hindi,hi_reader_5,Sudhu2004/Bible_Hindi_Audio_Dataset,none,human,train,5.0,16000,160044,5fc6d838ab1e4f421a99805d3bfb60fe065d6f7626adde9dce56c9b667da53e4
E:\VoiceDeepfakeAI\voice_deepfake_dataset\train\real\hindi\hi_reader_5_f710e823f2.wav,real,hindi,hi_reader_5,Sudhu2004/Bible_Hindi_Audio_Dataset,none,human,train,5.0,16000,160044,f710e823f27afd90520621cd4240106e58bd561e818112cd862ec108f1fc417f
E:\VoiceDeepfakeAI\voice_deepfake_dataset\train\real\hindi\hi_reader_5_f1ce475bbd.wav,real,hindi,hi_reader_5,Sudhu2004/Bible_Hindi_Audio_Dataset,none,human,train,5.0,16000,160044,f1ce475bbd859b39476a211c1475f00eefba7b36e3a8596c14747f0e8cdaaa1c
E:\VoiceDeepfakeAI\voice_deepfake_dataset\train\real\hindi\hi_reader_5_13eb6aaac6.wav,real,hindi,hi_reader_5,Sudhu2004/Bible_Hindi_Audio_Dataset,none,human,train,5.0,16000,160044,13eb6aaac6bedea3e77474dbba3b9c2f27ecc744788997578b66017bca4dfcc8
E:\VoiceDeepfakeAI\voice_deepfake_dataset\train\real\hindi\hi_reader_5_038be56fd0.wav,real,hindi,hi_reader_5,Sudhu2004/Bible_Hindi_Audio_Dataset,none,human,train,5.0,16000,160044,038be56fd0be4f0800f51098a4c238205390be4e81e1f68e6289d31a18b6f128
E:\VoiceDeepfakeAI\voice_deepfake_dataset\train\real\hindi\hi_reader_5_194a1ccaf2.wav,real,hindi,hi_reader_5,Sudhu2004/Bible_Hindi_Audio_Dataset,none,human,train,5.0,16000,160044,194a1ccaf2f967e7f417173debb69f16914c3cc711628b0441ff0be427f49a5c
E:\VoiceDeepfakeAI\voice_deepfake_dataset\train\real\hindi\hi_reader_5_6f06b0750c.wav,real,hindi,hi_reader_5,Sudhu2004/Bible_Hindi_Audio_Dataset,none,human,train,5.0,16000,160044,6f06b0750cfe2a2787f4363e7ea57c9c8537005745a4ddec71162f1df4116a8f
E:\VoiceDeepfakeAI\voice_deepfake_dataset\train\real\hindi\hi_reader_5_b6a666066e.wav,real,hindi,hi_reader_5,Sudhu2004/Bible_Hindi_Audio_Dataset,none,human,train,5.0,16000,160044,b6a666066e89b0b1a0086f29a525b7145f0a4493a3d5d784fd2d7eb6ac7f6ce1
E:\VoiceDeepfakeAI\voice_deepfake_dataset\train\real\hindi\hi_reader_5_138818b0a3.wav,real,hindi,hi_reader_5,Sudhu2004/Bible_Hindi_Audio_Dataset,none,human,train,5.0,16000,160044,138818b0a3bd4ce9a2d2d05b086d4dec6411a66ce0cae88ad43774d63a5a5fc3
E:\VoiceDeepfakeAI\voice_deepfake_dataset\train\real\hindi\hi_reader_5_7a85a57c70.wav,real,hindi,hi_reader_5,Sudhu2004/Bible_Hindi_Audio_Dataset,none,human,train,5.0,16000,160044,7a85a57c70d38170ad576ea1d4db46b179180b818c45bc062c7a4e59e439dd7c
E:\VoiceDeepfakeAI\voice_deepfake_dataset\train\real\hindi\hi_reader_5_897158da53.wav,real,hindi,hi_reader_5,Sudhu2004/Bible_Hindi_Audio_Dataset,none,human,train,5.0,16000,160044,897158da539f5ce5f40562c1a287c1efb2d4f73fb0172b0a97f61ddf13cd561f
E:\VoiceDeepfakeAI\voice_deepfake_dataset\train\real\english\asv_spk_0_b92a2e20b0.wav,real,english,asv_spk_0,DynamicSuperb/SpoofDetection_ASVspoof2017,none,human,train,3.257,16000,104284,b92a2e20b07f74e6b1365f11d35e7b0fe35f6efa004c26077248086b17894404
E:\VoiceDeepfakeAI\voice_deepfake_dataset\train\real\english\asv_spk_0_e6ac201213.wav,real,english,asv_spk_0,DynamicSuperb/SpoofDetection_ASVspoof2017,none,human,train,3.13,16000,100188,e6ac201213f667eb47c3c6d95cb16ce90541fbd50b733f3ce5656998c335abb8
E:\VoiceDeepfakeAI\voice_deepfake_dataset\train\real\hinglish\real_hing_Rajat Chaturvedi_fdedf0f8d6.wav,real,hinglish,real_hing_Rajat Chaturvedi,HumynLabs/banking-customersupport-hinglish-audio,none,human,train,11.447,16000,366364,fdedf0f8d6a1d649d3bf2e4f6c0f94cda73756e9517ea3e966c8b3ade5376ad0
E:\VoiceDeepfakeAI\voice_deepfake_dataset\train\real\hinglish\real_hing_Rajat Chaturvedi_fce0b6bc82.wav,real,hinglish,real_hing_Rajat Chaturvedi,HumynLabs/e-commerce-customersupport-hinglish-audio,none,human,train,9.152,16000,292910,fce0b6bc82c0b6606976527b2b7a2d4c03485b662dfce08bb29c95c5fb9de9c4
E:\VoiceDeepfakeAI\voice_deepfake_dataset\train\real\hinglish\real_hing_Om Raipurkar_3cf2ce0689.wav,real,hinglish,real_hing_Om Raipurkar,HumynLabs/e-commerce-customersupport-hinglish-audio,none,human,train,11.861,16000,379608,3cf2ce068977e0d0ada512e844f3c584a9e28d0004c35a201faac2a52f369451
E:\VoiceDeepfakeAI\voice_deepfake_dataset\train\real\hinglish\real_hing_Pranto Hira_946f98ffd7.wav,real,hinglish,real_hing_Pranto Hira,HumynLabs/e-commerce-customersupport-hinglish-audio,none,human,train,11.393,16000,364636,946f98ffd72f89a2f1eac32b3e7da462e4c90f2e0b205475f8f1ce886111ca71
E:\VoiceDeepfakeAI\voice_deepfake_dataset\train\real\hinglish\real_hing_Pranto Hira_236dc7e72d.wav,real,hinglish,real_hing_Pranto Hira,HumynLabs/e-commerce-customersupport-hinglish-audio,none,human,train,8.698,16000,278376,236dc7e72dd3d54af7d8bfbf185971403360b5302a708963865ffd00ae1bac40
E:\VoiceDeepfakeAI\voice_deepfake_dataset\train\real\hinglish\real_hing_Pranto Hira_4c7081138a.wav,real,hinglish,real_hing_Pranto Hira,HumynLabs/e-commerce-customersupport-hinglish-audio,none,human,train,10.218,16000,327016,4c7081138a559505ac7ac4f9b5564fed514713ca6ac78454c0beb64412a06f47
E:\VoiceDeepfakeAI\voice_deepfake_dataset\train\real\english\asv_spk_3_0ce62d4fa3.wav,real,english,asv_spk_3,DynamicSuperb/SpoofDetection_ASVspoof2017,none,human,train,4.114,16000,131676,0ce62d4fa3cb8eb3b3e3860ad6883849d710564678efa972b0ffa49c77ca1926
E:\VoiceDeepfakeAI\voice_deepfake_dataset\train\real\english\asv_spk_3_caf72f6fb7.wav,real,english,asv_spk_3,DynamicSuperb/SpoofDetection_ASVspoof2017,none,human,train,2.046,16000,65500,caf72f6fb79027bc6bbfd93beb7b1cdad877b78a7b636b9d0b227543c8c581ef
E:\VoiceDeepfakeAI\voice_deepfake_dataset\train\real\english\libri_spk_7_c5ff1f453b.wav,real,english,libri_spk_7,DynamicSuperb/LibriSpeech-TestClean,none,human,train,5.365,16000,171724,c5ff1f453b844ad56ddbec7d42d015ccc62a38834dbd9a32ff1fa186be9a9d03
E:\VoiceDeepfakeAI\voice_deepfake_dataset\train\real\english\libri_spk_7_c4147222ef.wav,real,english,libri_spk_7,DynamicSuperb/LibriSpeech-TestClean,none,human,train,3.98,16000,127404,c4147222eff0d89e6fe7aa17b2e627f8cb53c59e0481719da50fe5521e6f93a5
E:\VoiceDeepfakeAI\voice_deepfake_dataset\train\real\english\libri_spk_7_46b34862d9.wav,real,english,libri_spk_7,DynamicSuperb/LibriSpeech-TestClean,none,human,train,2.64,16000,84524,46b34862d9fe4b5d2f31ca02af30f931cc577addd4197546cbae7500e5b653fd
E:\VoiceDeepfakeAI\voice_deepfake_dataset\train\real\english\libri_spk_7_0a3f56e552.wav,real,english,libri_spk_7,DynamicSuperb/LibriSpeech-TestClean,none,human,train,1.485,16000,47564,0a3f56e5526b15ad49be353179c6ea3be1d115f08de0585c6b43904638f2f984
E:\VoiceDeepfakeAI\voice_deepfake_dataset\train\real\english\libri_spk_7_c7e99a866c.wav,real,english,libri_spk_7,DynamicSuperb/LibriSpeech-TestClean,none,human,train,4.79,16000,153324,c7e99a866cf01bc7202b206082f31d615dca331f1e431364d752aef8a03251f4
E:\VoiceDeepfakeAI\voice_deepfake_dataset\train\real\english\libri_spk_7_172d53f388.wav,real,english,libri_spk_7,DynamicSuperb/LibriSpeech-TestClean,none,human,train,4.66,16000,149164,172d53f388dba80fde111637b9c4144d6f0da18817671f00a953fbe6226d5732
E:\VoiceDeepfakeAI\voice_deepfake_dataset\train\real\english\libri_spk_7_6b9c1ac312.wav,real,english,libri_spk_7,DynamicSuperb/LibriSpeech-TestClean,none,human,train,3.315,16000,106124,6b9c1ac31294f9ece8b8d2894e797b9d9444d3f82aa56f141ac98f819d98c0e7
E:\VoiceDeepfakeAI\voice_deepfake_dataset\train\real\english\libri_spk_7_8e73601e1b.wav,real,english,libri_spk_7,DynamicSuperb/LibriSpeech-TestClean,none,human,train,5.58,16000,178604,8e73601e1baf1405109db90b7f73b439138fb8241f1beab7757ad0fe0bbdc9a5
E:\VoiceDeepfakeAI\voice_deepfake_dataset\train\real\english\libri_spk_7_f9f4c9abd8.wav,real,english,libri_spk_7,DynamicSuperb/LibriSpeech-TestClean,none,human,train,10.315,16000,330124,f9f4c9abd800a7375ce63ef09cf8882c2e2dd812cd1d2bb39e1a59041fe25846
E:\VoiceDeepfakeAI\voice_deepfake_dataset\train\real\hinglish\real_hing_shivam kushwaha_b21c232e16.wav,real,hinglish,real_hing_shivam kushwaha,HumynLabs/banking-customersupport-hinglish-audio,none,human,train,11.136,16000,356396,b21c232e16e5dcd652d90e2da2c71a6eee46bbc456f56034c05f04ae482cccaf
E:\VoiceDeepfakeAI\voice_deepfake_dataset\train\real\hinglish\real_hing_Ayush Tiwari_722b8ade9f.wav,real,hinglish,real_hing_Ayush Tiwari,HumynLabs/banking-customersupport-hinglish-audio,none,human,train,12.121,16000,387912,722b8ade9f329c691fefae1871ccbf6a48ca6c68f9b617bebb14e2222768d440
E:\VoiceDeepfakeAI\voice_deepfake_dataset\train\real\hinglish\real_hing_Ayush Tiwari_8f0e6f99cd.wav,real,hinglish,real_hing_Ayush Tiwari,HumynLabs/e-commerce-customersupport-hinglish-audio,none,human,train,10.411,16000,333186,8f0e6f99cd2b51c17c044a23293f717097aeae8f07872da1c149ee9d5dc15c7f
E:\VoiceDeepfakeAI\voice_deepfake_dataset\train\real\hinglish\real_hing_Ronika_2556ad4bb8.wav,real,hinglish,real_hing_Ronika,HumynLabs/banking-customersupport-hinglish-audio,none,human,train,15.488,16000,495660,2556ad4bb8d67d7dc05e8c5be465bd1c29e60e224f82840add92cdf300656e93
E:\VoiceDeepfakeAI\voice_deepfake_dataset\train\real\hinglish\real_hing_Ronika_3aa7333278.wav,real,hinglish,real_hing_Ronika,HumynLabs/airline-customersupport-Hinglish-audio,none,human,train,14.784,16000,473132,3aa73332787e260e3f3f146a678543ef721b2cd52b42eecae2dc91c3950085f7
E:\VoiceDeepfakeAI\voice_deepfake_dataset\train\real\hinglish\real_hing_Ronika_782d1dab59.wav,real,hinglish,real_hing_Ronika,HumynLabs/e-commerce-customersupport-hinglish-audio,none,human,train,11.776,16000,376876,782d1dab59df9c5126d4c04e785c5bb2034b385f283402740d0d8faf7751125f
E:\VoiceDeepfakeAI\voice_deepfake_dataset\train\real\hinglish\real_hing_Prem Bhagat_1555065019.wav,real,hinglish,real_hing_Prem Bhagat,HumynLabs/airline-customersupport-Hinglish-audio,none,human,train,9.301,16000,297688,1555065019b99fdb0b4277a53daea06b7e18b3f384588daed08a2ba7abd073bd
E:\VoiceDeepfakeAI\voice_deepfake_dataset\train\real\english\asv_spk_5_20e67ed615.wav,real,english,asv_spk_5,DynamicSuperb/SpoofDetection_ASVspoof2017,none,human,train,3.118,16000,99804,20e67ed61519f339dd3d2a9f92f5ef59bebcdb478143b5df61354ffaa7c64833
